"PLOTID","AOINFERENCE","MEETING","INDICATOR","CATEGORY","ECO.SITE"
"AS-002","SAMPLEFRAME","TRUE","FUNCTIONAL DIVERSITY","FORB","SAC-Deep_Rocky"
"AS-004","SAMPLEFRAME","FALSE","FUNCTIONAL DIVERSITY","FORB","R048AY247CO"
"AS-008","SAMPLEFRAME","FALSE","FUNCTIONAL DIVERSITY","FORB","SAW_Shallow_&_Rocky"
"AS-012","SAMPLEFRAME","TRUE","FUNCTIONAL DIVERSITY","FORB","AW-Bottoms"
"GR-021","SAMPLEFRAME","FALSE","FUNCTIONAL DIVERSITY","FORB","R036XY114CO"
"GR-022","SAMPLEFRAME","TRUE","FUNCTIONAL DIVERSITY","FORB","R036XY114CO"
"GR-023","SAMPLEFRAME","FALSE","FUNCTIONAL DIVERSITY","FORB","R036XY287CO"
"GR-024","DE-NCA","FALSE","FUNCTIONAL DIVERSITY","FORB","R036XY287CO"
"GR-025","SAMPLEFRAME","FALSE","FUNCTIONAL DIVERSITY","FORB","R036XY114CO"
"GR-026","SAMPLEFRAME","FALSE","FUNCTIONAL DIVERSITY","FORB","R036XY114CO"
"GR-027","SAMPLEFRAME","FALSE","FUNCTIONAL DIVERSITY","FORB","SAW-Finer_Uplands"
"GR-028","DE-NCA","FALSE","FUNCTIONAL DIVERSITY","FORB","R034BY106UT"
"MC-044","SAMPLEFRAME","TRUE","FUNCTIONAL DIVERSITY","FORB","R048AY228CO"
"MC-048","SAMPLEFRAME","TRUE","FUNCTIONAL DIVERSITY","FORB","F048AY918CO"
"MC-049","SAMPLEFRAME","TRUE","FUNCTIONAL DIVERSITY","FORB","R048AY238CO"
"MC-052","SAMPLEFRAME","TRUE","FUNCTIONAL DIVERSITY","FORB","F048AY449CO"
"MC-056","SAMPLEFRAME","TRUE","FUNCTIONAL DIVERSITY","FORB","AW-Bottoms"
"MC-057","SAMPLEFRAME","FALSE","FUNCTIONAL DIVERSITY","FORB","SAW_Shallow_&_Rocky"
"MC-066","SAMPLEFRAME","TRUE","FUNCTIONAL DIVERSITY","FORB","F048AY918CO"
"MC-068","SAMPLEFRAME","TRUE","FUNCTIONAL DIVERSITY","FORB","F048AY918CO"
"MC-070","SAMPLEFRAME","TRUE","FUNCTIONAL DIVERSITY","FORB","F048AY918CO"
"MMS-071","DE-NCA","FALSE","FUNCTIONAL DIVERSITY","FORB","R048AY238CO"
"MMS-072","SAMPLEFRAME","FALSE","FUNCTIONAL DIVERSITY","FORB","SAW-Finer_Uplands"
"MMS-073","SAMPLEFRAME","TRUE","FUNCTIONAL DIVERSITY","FORB","R036XY325CO"
"MMS-074","ACEC-WSA","TRUE","FUNCTIONAL DIVERSITY","FORB","R048AY238CO"
"MMS-075","SAMPLEFRAME","FALSE","FUNCTIONAL DIVERSITY","FORB","R036XY284CO"
"MMS-076","SAMPLEFRAME","TRUE","FUNCTIONAL DIVERSITY","FORB","R036XY114CO"
"MMS-079","SAMPLEFRAME","TRUE","FUNCTIONAL DIVERSITY","FORB","R036XY289CO"
"MMS-081","ACEC-WSA","TRUE","FUNCTIONAL DIVERSITY","FORB","R048AY247CO"
"MMS-082","SAMPLEFRAME","FALSE","FUNCTIONAL DIVERSITY","FORB","R034BY117UT"
"MMS-083","SAMPLEFRAME","FALSE","FUNCTIONAL DIVERSITY","FORB","R036XY114CO"
"MMS-084","SAMPLEFRAME","TRUE","FUNCTIONAL DIVERSITY","FORB","R034XY403CO"
"MMS-085","ACEC-WSA","TRUE","FUNCTIONAL DIVERSITY","FORB","R048AY306UT"
"MMS-087","DE-NCA","FALSE","FUNCTIONAL DIVERSITY","FORB","R036XY328CO"
"MMS-088","SAMPLEFRAME","TRUE","FUNCTIONAL DIVERSITY","FORB","R036XY325CO"
"MMS-089","ACEC-WSA","FALSE","FUNCTIONAL DIVERSITY","FORB","R048AY306UT"
"MMS-090","SAMPLEFRAME","FALSE","FUNCTIONAL DIVERSITY","FORB","R034XY403CO"
"MMS-091","SAMPLEFRAME","TRUE","FUNCTIONAL DIVERSITY","FORB","R048AY238CO"
"MMS-092","SAMPLEFRAME","FALSE","FUNCTIONAL DIVERSITY","FORB","R036XY289CO"
"MMS-093","ACEC-WSA","TRUE","FUNCTIONAL DIVERSITY","FORB","R036XY346CO"
"MMS-094","SAMPLEFRAME","TRUE","FUNCTIONAL DIVERSITY","FORB","R036XY289CO"
"MMS-095","DE-NCA","FALSE","FUNCTIONAL DIVERSITY","FORB","R036XY284CO"
"MMS-096","SAMPLEFRAME","FALSE","FUNCTIONAL DIVERSITY","FORB","R036XY113CO"
"MMS-097","SAMPLEFRAME","FALSE","FUNCTIONAL DIVERSITY","FORB","SAW-Very_Shallow"
"MMS-098","SAMPLEFRAME","FALSE","FUNCTIONAL DIVERSITY","FORB","SAW_Shallow_&_Rocky"
"MMS-099","SAMPLEFRAME","TRUE","FUNCTIONAL DIVERSITY","FORB","SAC-Finer_Uplands"
"MMS-100","SAMPLEFRAME","TRUE","FUNCTIONAL DIVERSITY","FORB","R036XY284CO"
"MMS-101","ACEC-WSA","TRUE","FUNCTIONAL DIVERSITY","FORB","R048AY306UT"
"MMS-102","SAMPLEFRAME","FALSE","FUNCTIONAL DIVERSITY","FORB","R034BY006UT"
"OT-112","SAMPLEFRAME","FALSE","FUNCTIONAL DIVERSITY","FORB","R034BY109UT"
"OT-113","SAMPLEFRAME","FALSE","FUNCTIONAL DIVERSITY","FORB","R036XY141CO"
"OT-117","SAMPLEFRAME","FALSE","FUNCTIONAL DIVERSITY","FORB","R036XY326CO"
"OT-126","SAMPLEFRAME","FALSE","FUNCTIONAL DIVERSITY","FORB","Outcrops"
"PJ-131","SAMPLEFRAME","FALSE","FUNCTIONAL DIVERSITY","FORB","R036XY289CO"
"PJ-132","SAMPLEFRAME","TRUE","FUNCTIONAL DIVERSITY","FORB","R036XY284CO"
"PJ-133","SAMPLEFRAME","FALSE","FUNCTIONAL DIVERSITY","FORB","R036XY284CO"
"PJ-136","SAMPLEFRAME","FALSE","FUNCTIONAL DIVERSITY","FORB","R036XY114CO"
"PJ-137","SAMPLEFRAME","TRUE","FUNCTIONAL DIVERSITY","FORB","R036XY284CO"
"PJ-138","DE-NCA","TRUE","FUNCTIONAL DIVERSITY","FORB","R036XY113CO"
"PJ-140","SAMPLEFRAME","FALSE","FUNCTIONAL DIVERSITY","FORB","R036XY326CO"
"PJ-141","SAMPLEFRAME","TRUE","FUNCTIONAL DIVERSITY","FORB","R036XY114CO"
"PJ-143","SAMPLEFRAME","FALSE","FUNCTIONAL DIVERSITY","FORB","R036XY113CO"
"PJ-146","SAMPLEFRAME","TRUE","FUNCTIONAL DIVERSITY","FORB","R048AY238CO"
"PJ-147","GG-NCA","FALSE","FUNCTIONAL DIVERSITY","FORB","R036XY287CO"
"PJ-149","SAMPLEFRAME","FALSE","FUNCTIONAL DIVERSITY","FORB","R036XY284CO"
"PJ-150","DE-NCA","FALSE","FUNCTIONAL DIVERSITY","FORB","R036XY141CO"
"PJ-151","SAMPLEFRAME","TRUE","FUNCTIONAL DIVERSITY","FORB","R036XY325CO"
"PJ-152","SAMPLEFRAME","FALSE","FUNCTIONAL DIVERSITY","FORB","R036XY445CO"
"PJ-153","SAMPLEFRAME","FALSE","FUNCTIONAL DIVERSITY","FORB","R036XY113CO"
"PJ-154","SAMPLEFRAME","FALSE","FUNCTIONAL DIVERSITY","FORB","R036XY114CO"
"PJ-155","SAMPLEFRAME","FALSE","FUNCTIONAL DIVERSITY","FORB","R036XY114CO"
"PJ-156","ACEC-WSA","FALSE","FUNCTIONAL DIVERSITY","FORB","SAW-Breaks"
"PJ-157","SAMPLEFRAME","FALSE","FUNCTIONAL DIVERSITY","FORB","SAW_Shallow_&_Rocky"
"PJ-158","DE-NCA","FALSE","FUNCTIONAL DIVERSITY","FORB","R036XY113CO"
"PJ-159","SAMPLEFRAME","FALSE","FUNCTIONAL DIVERSITY","FORB","R036XY114CO"
"PJ-160","SAMPLEFRAME","FALSE","FUNCTIONAL DIVERSITY","FORB","R036XY114CO"
"PJ-161","SAMPLEFRAME","FALSE","FUNCTIONAL DIVERSITY","FORB","R036XY114CO"
"PJ-164","SAMPLEFRAME","FALSE","FUNCTIONAL DIVERSITY","FORB","SAW-Very_Shallow"
"PJ-165","SAMPLEFRAME","FALSE","FUNCTIONAL DIVERSITY","FORB","R036XY445CO"
"PJ-166","DE-NCA","FALSE","FUNCTIONAL DIVERSITY","FORB","R036XY113CO"
"PJ-167","SAMPLEFRAME","FALSE","FUNCTIONAL DIVERSITY","FORB","R036XY113CO"
"PJ-168","ACEC-WSA","FALSE","FUNCTIONAL DIVERSITY","FORB","SAW-Very_Shallow"
"PP-171","SAMPLEFRAME","TRUE","FUNCTIONAL DIVERSITY","FORB","R048AY228CO"
"PP-172","DE-NCA","TRUE","FUNCTIONAL DIVERSITY","FORB","R035XY408CO"
"PP-173","SAMPLEFRAME","FALSE","FUNCTIONAL DIVERSITY","FORB","R036XY114CO"
"PP-175","SAMPLEFRAME","FALSE","FUNCTIONAL DIVERSITY","FORB","R036XY284CO"
"PP-176","SAMPLEFRAME","FALSE","FUNCTIONAL DIVERSITY","FORB","SAW-Finer_Uplands"
"PP-177","SAMPLEFRAME","FALSE","FUNCTIONAL DIVERSITY","FORB","R036XY287CO"
"PP-179","SAMPLEFRAME","FALSE","FUNCTIONAL DIVERSITY","FORB","R036XY289CO"
"PP-180","SAMPLEFRAME","FALSE","FUNCTIONAL DIVERSITY","FORB","R048AY255CO"
"RI-194","SAMPLEFRAME","FALSE","FUNCTIONAL DIVERSITY","FORB","R036XY113CO"
"RI-195","SAMPLEFRAME","FALSE","FUNCTIONAL DIVERSITY","FORB","SAW-Finer_Uplands"
"RI-196","SAMPLEFRAME","TRUE","FUNCTIONAL DIVERSITY","FORB","R036XY113CO"
"RI-198","SAMPLEFRAME","TRUE","FUNCTIONAL DIVERSITY","FORB","R036XY113CO"
"RI-199","SAMPLEFRAME","FALSE","FUNCTIONAL DIVERSITY","FORB","R034XY401CO"
"RI-200","SAMPLEFRAME","FALSE","FUNCTIONAL DIVERSITY","FORB","R036XY142CO"
"RI-202","SAMPLEFRAME","FALSE","FUNCTIONAL DIVERSITY","FORB","R034BY006UT"
"RI-203","SAMPLEFRAME","TRUE","FUNCTIONAL DIVERSITY","FORB","R036XY114CO"
"RI-204","DE-NCA","TRUE","FUNCTIONAL DIVERSITY","FORB","R036XY325CO"
"RI-206","SAMPLEFRAME","TRUE","FUNCTIONAL DIVERSITY","FORB","SAC-Finer_Uplands"
"RI-208","SAMPLEFRAME","FALSE","FUNCTIONAL DIVERSITY","FORB","SAW_Sandy_&_Loamy"
"RI-209","SAMPLEFRAME","FALSE","FUNCTIONAL DIVERSITY","FORB","SAW-Bottoms_&_Bottoms"
"RI-210","SAMPLEFRAME","FALSE","FUNCTIONAL DIVERSITY","FORB","SAW-Saline_Bottoms"
"RI-212","SAMPLEFRAME","FALSE","FUNCTIONAL DIVERSITY","FORB","SAW-Finer_Uplands"
"SS-221","SAMPLEFRAME","TRUE","FUNCTIONAL DIVERSITY","FORB","R036XY114CO"
"SS-222","SAMPLEFRAME","TRUE","FUNCTIONAL DIVERSITY","FORB","R048AY247CO"
"SS-223","DE-NCA","FALSE","FUNCTIONAL DIVERSITY","FORB","R036XY113CO"
"SS-224","SAMPLEFRAME","FALSE","FUNCTIONAL DIVERSITY","FORB","R036XY284CO"
"SS-225","SAMPLEFRAME","FALSE","FUNCTIONAL DIVERSITY","FORB","R036XY113CO"
"SS-227","DE-NCA","FALSE","FUNCTIONAL DIVERSITY","FORB","R036XY113CO"
"SS-228","SAMPLEFRAME","FALSE","FUNCTIONAL DIVERSITY","FORB","R036XY326CO"
"SS-229","SAMPLEFRAME","FALSE","FUNCTIONAL DIVERSITY","FORB","R036XY326CO"
"SS-230","SAMPLEFRAME","FALSE","FUNCTIONAL DIVERSITY","FORB","R036XY326CO"
"SS-231","SAMPLEFRAME","FALSE","FUNCTIONAL DIVERSITY","FORB","R036XY326CO"
"SS-232","SAMPLEFRAME","FALSE","FUNCTIONAL DIVERSITY","FORB","R036XY326CO"
"SS-233","SAMPLEFRAME","TRUE","FUNCTIONAL DIVERSITY","FORB","R048AY238CO"
"SS-234","GG-NCA","FALSE","FUNCTIONAL DIVERSITY","FORB","R034BY006UT"
"SS-237","SAMPLEFRAME","FALSE","FUNCTIONAL DIVERSITY","FORB","R036XY113CO"
"SS-238","SAMPLEFRAME","TRUE","FUNCTIONAL DIVERSITY","FORB","R048AY247CO"
"SS-239","DE-NCA","TRUE","FUNCTIONAL DIVERSITY","FORB","R036XY325CO"
"SS-240","SAMPLEFRAME","FALSE","FUNCTIONAL DIVERSITY","FORB","R036XY315UT"
"SS-241","SAMPLEFRAME","FALSE","FUNCTIONAL DIVERSITY","FORB","R036XY113CO"
"SS-242","SAMPLEFRAME","FALSE","FUNCTIONAL DIVERSITY","FORB","R034XY403CO"
"SS-243","DE-NCA","FALSE","FUNCTIONAL DIVERSITY","FORB","R036XY113CO"
"SS-244","SAMPLEFRAME","FALSE","FUNCTIONAL DIVERSITY","FORB","R036XY113CO"
"SS-245","SAMPLEFRAME","TRUE","FUNCTIONAL DIVERSITY","FORB","R036XY114CO"
"SS-246","SAMPLEFRAME","FALSE","FUNCTIONAL DIVERSITY","FORB","R034BY404CO"
"SS-247","SAMPLEFRAME","FALSE","FUNCTIONAL DIVERSITY","FORB","R036XY326CO"
"SS-248","SAMPLEFRAME","TRUE","FUNCTIONAL DIVERSITY","FORB","R036XY114CO"
"SS-250","GG-NCA","FALSE","FUNCTIONAL DIVERSITY","FORB","SAW-Very_Shallow"
"SS-251","SAMPLEFRAME","TRUE","FUNCTIONAL DIVERSITY","FORB","R036XY325CO"
"SS-252","SAMPLEFRAME","FALSE","FUNCTIONAL DIVERSITY","FORB","R036XY445CO"
"SS-253","SAMPLEFRAME","TRUE","FUNCTIONAL DIVERSITY","FORB","SAW-Finer_Uplands"
"SS-254","SAMPLEFRAME","TRUE","FUNCTIONAL DIVERSITY","FORB","SAW_Shallow_&_Rocky"
"SS-255","DE-NCA","FALSE","FUNCTIONAL DIVERSITY","FORB","R036XY114CO"
"SS-256","SAMPLEFRAME","TRUE","FUNCTIONAL DIVERSITY","FORB","R036XY114CO"
"SS-257","SAMPLEFRAME","FALSE","FUNCTIONAL DIVERSITY","FORB","R036XY113CO"
"SS-258","SAMPLEFRAME","FALSE","FUNCTIONAL DIVERSITY","FORB","R036XY113CO"
"SS-259","DE-NCA","TRUE","FUNCTIONAL DIVERSITY","FORB","R036XY315UT"
"SS-260","SAMPLEFRAME","FALSE","FUNCTIONAL DIVERSITY","FORB","R036XY287CO"
"SS-261","SAMPLEFRAME","TRUE","FUNCTIONAL DIVERSITY","FORB","R036XY114CO"
"SS-262","SAMPLEFRAME","TRUE","FUNCTIONAL DIVERSITY","FORB","R034BY404CO"
"SS-264","SAMPLEFRAME","FALSE","FUNCTIONAL DIVERSITY","FORB","R036XY114CO"
"SS-265","SAMPLEFRAME","TRUE","FUNCTIONAL DIVERSITY","FORB","R036XY325CO"
"SS-267","SAMPLEFRAME","FALSE","FUNCTIONAL DIVERSITY","FORB","R036XY284CO"
"SS-268","SAMPLEFRAME","TRUE","FUNCTIONAL DIVERSITY","FORB","R036XY284CO"
"SS-269","SAMPLEFRAME","TRUE","FUNCTIONAL DIVERSITY","FORB","R036XY325CO"
"SS-270","SAMPLEFRAME","TRUE","FUNCTIONAL DIVERSITY","FORB","R036XY289CO"
"SS-271","DE-NCA","FALSE","FUNCTIONAL DIVERSITY","FORB","R034XY401CO"
"SS-273","SAMPLEFRAME","FALSE","FUNCTIONAL DIVERSITY","FORB","R036XY113CO"
"SS-275","SAMPLEFRAME","FALSE","FUNCTIONAL DIVERSITY","FORB","R036XY114CO"
"SS-276","SAMPLEFRAME","TRUE","FUNCTIONAL DIVERSITY","FORB","R036XY113CO"
"SS-277","SAMPLEFRAME","TRUE","FUNCTIONAL DIVERSITY","FORB","R036XY325CO"
"SS-278","GG-NCA","FALSE","FUNCTIONAL DIVERSITY","FORB","R034BY106UT"
"SS-279","SAMPLEFRAME","TRUE","FUNCTIONAL DIVERSITY","FORB","R036XY325CO"
"SS-280","SAMPLEFRAME","TRUE","FUNCTIONAL DIVERSITY","FORB","R036XY325CO"
"SS-281","SAMPLEFRAME","TRUE","FUNCTIONAL DIVERSITY","FORB","R048AY247CO"
"SS-282","GG-NCA","FALSE","FUNCTIONAL DIVERSITY","FORB","R036XY141CO"
"SS-283","ACEC-WSA","FALSE","FUNCTIONAL DIVERSITY","FORB","R036XY326CO"
"SS-284","SAMPLEFRAME","FALSE","FUNCTIONAL DIVERSITY","FORB","R036XY328CO"
"SS-285","ACEC-WSA","FALSE","FUNCTIONAL DIVERSITY","FORB","R034XY403CO"
"SS-286","GG-NCA","FALSE","FUNCTIONAL DIVERSITY","FORB","R035XY136UT"
"SS-287","SAMPLEFRAME","FALSE","FUNCTIONAL DIVERSITY","FORB","R036XY142CO"
"SS-288","SAMPLEFRAME","FALSE","FUNCTIONAL DIVERSITY","FORB","R036XY326CO"
"SS-289","SAMPLEFRAME","FALSE","FUNCTIONAL DIVERSITY","FORB","R036XY113CO"
"SS-290","DE-NCA","FALSE","FUNCTIONAL DIVERSITY","FORB","R034XY406CO"
"SS-291","DE-NCA","FALSE","FUNCTIONAL DIVERSITY","FORB","R036XY141CO"
"SS-292","SAMPLEFRAME","FALSE","FUNCTIONAL DIVERSITY","FORB","R036XY326CO"
"SS-293","SAMPLEFRAME","FALSE","FUNCTIONAL DIVERSITY","FORB","R036XY141CO"
"SS-295","SAMPLEFRAME","FALSE","FUNCTIONAL DIVERSITY","FORB","R036XY114CO"
"SS-296","SAMPLEFRAME","FALSE","FUNCTIONAL DIVERSITY","FORB","SAW-Breaks"
"SS-297","GG-NCA","FALSE","FUNCTIONAL DIVERSITY","FORB","R034BY106UT"
"SS-298","ACEC-WSA","FALSE","FUNCTIONAL DIVERSITY","FORB","SAW-Finer_Uplands"
"SS-299","SAMPLEFRAME","TRUE","FUNCTIONAL DIVERSITY","FORB","R036XY325CO"
"SS-300","SAMPLEFRAME","FALSE","FUNCTIONAL DIVERSITY","FORB","R034XY327CO"
"SS-301","SAMPLEFRAME","FALSE","FUNCTIONAL DIVERSITY","FORB","SAW-Finer_Uplands"
"SS-302","SAMPLEFRAME","TRUE","FUNCTIONAL DIVERSITY","FORB","SAC-Finer_Uplands"
"SS-304","SAMPLEFRAME","FALSE","FUNCTIONAL DIVERSITY","FORB","SAW-Finer_Uplands"
"SS-305","SAMPLEFRAME","FALSE","FUNCTIONAL DIVERSITY","FORB","R036XY113CO"
"SS-306","SAMPLEFRAME","FALSE","FUNCTIONAL DIVERSITY","FORB","R034BY212UT"
"SS-307","SAMPLEFRAME","FALSE","FUNCTIONAL DIVERSITY","FORB","R036XY326CO"
"SS-308","SAMPLEFRAME","FALSE","FUNCTIONAL DIVERSITY","FORB","R036XY284CO"
"SS-310","SAMPLEFRAME","FALSE","FUNCTIONAL DIVERSITY","FORB","R034BY404CO"
"SS-311","SAMPLEFRAME","FALSE","FUNCTIONAL DIVERSITY","FORB","R036XY326CO"
"SS-312","SAMPLEFRAME","FALSE","FUNCTIONAL DIVERSITY","FORB","R036XY284CO"
"SS-313","SAMPLEFRAME","FALSE","FUNCTIONAL DIVERSITY","FORB","R036XY114CO"
"SS-314","SAMPLEFRAME","TRUE","FUNCTIONAL DIVERSITY","FORB","SAC-Bottoms"
"SS-315","SAMPLEFRAME","FALSE","FUNCTIONAL DIVERSITY","FORB","SAW-Clay_Uplands"
"SS-316","SAMPLEFRAME","TRUE","FUNCTIONAL DIVERSITY","FORB","R036XY284CO"
"SS-318","SAMPLEFRAME","FALSE","FUNCTIONAL DIVERSITY","FORB","R036XY289CO"
"SS-319","SAMPLEFRAME","FALSE","FUNCTIONAL DIVERSITY","FORB","R036XY326CO"
"SS-320","SAMPLEFRAME","TRUE","FUNCTIONAL DIVERSITY","FORB","R036XY284CO"
"SD-323","SAMPLEFRAME","TRUE","FUNCTIONAL DIVERSITY","FORB","R036XY325CO"
"SD-324","SAMPLEFRAME","FALSE","FUNCTIONAL DIVERSITY","FORB","R034BY117UT"
"SD-325","SAMPLEFRAME","FALSE","FUNCTIONAL DIVERSITY","FORB","R034BY404CO"
"SD-326","SAMPLEFRAME","TRUE","FUNCTIONAL DIVERSITY","FORB","R036XY325CO"
"SD-327","SAMPLEFRAME","FALSE","FUNCTIONAL DIVERSITY","FORB","R034BY117UT"
"SD-328","GG-NCA","FALSE","FUNCTIONAL DIVERSITY","FORB","R034BY109UT"
"SD-329","SAMPLEFRAME","FALSE","FUNCTIONAL DIVERSITY","FORB","R034XY410CO"
"SD-330","SAMPLEFRAME","FALSE","FUNCTIONAL DIVERSITY","FORB","R036XY114CO"
"SD-331","DE-NCA","FALSE","FUNCTIONAL DIVERSITY","FORB","R034BY106UT"
"SD-332","SAMPLEFRAME","FALSE","FUNCTIONAL DIVERSITY","FORB","R034BY104UT"
"SD-333","SAMPLEFRAME","TRUE","FUNCTIONAL DIVERSITY","FORB","SAW-Very_Shallow"
"SD-334","SAMPLEFRAME","FALSE","FUNCTIONAL DIVERSITY","FORB","R034BY404CO"
"SD-335","SAMPLEFRAME","FALSE","FUNCTIONAL DIVERSITY","FORB","R036XY113CO"
"SD-336","GG-NCA","FALSE","FUNCTIONAL DIVERSITY","FORB","R034XY403CO"
"SD-337","DE-NCA","FALSE","FUNCTIONAL DIVERSITY","FORB","R034BY404CO"
"SD-339","SAMPLEFRAME","FALSE","FUNCTIONAL DIVERSITY","FORB","R036XY113CO"
"SD-340","SAMPLEFRAME","FALSE","FUNCTIONAL DIVERSITY","FORB","R034BY006UT"
"SD-341","SAMPLEFRAME","TRUE","FUNCTIONAL DIVERSITY","FORB","R034XY402CO"
"SD-342","SAMPLEFRAME","TRUE","FUNCTIONAL DIVERSITY","FORB","R036XY326CO"
"SD-344","GG-NCA","FALSE","FUNCTIONAL DIVERSITY","FORB","R034BY104UT"
"SD-347","DE-NCA","TRUE","FUNCTIONAL DIVERSITY","FORB","R034BY106UT"
"SD-348","SAMPLEFRAME","FALSE","FUNCTIONAL DIVERSITY","FORB","R034BY109UT"
"SD-352","GG-NCA","FALSE","FUNCTIONAL DIVERSITY","FORB","R034BY109UT"
"SD-353","DE-NCA","FALSE","FUNCTIONAL DIVERSITY","FORB","R035XY408CO"
"SD-354","SAMPLEFRAME","FALSE","FUNCTIONAL DIVERSITY","FORB","R035XY408CO"
"SD-355","SAMPLEFRAME","TRUE","FUNCTIONAL DIVERSITY","FORB","R036XY325CO"
"SD-356","GG-NCA","FALSE","FUNCTIONAL DIVERSITY","FORB","R034BY006UT"
"SD-357","SAMPLEFRAME","FALSE","FUNCTIONAL DIVERSITY","FORB","R034BY404CO"
"SD-358","SAMPLEFRAME","FALSE","FUNCTIONAL DIVERSITY","FORB","R034XY401CO"
"SD-359","DE-NCA","TRUE","FUNCTIONAL DIVERSITY","FORB","R034BY112UT"
"SD-360","GG-NCA","FALSE","FUNCTIONAL DIVERSITY","FORB","R034XY410CO"
"SD-363","SAMPLEFRAME","FALSE","FUNCTIONAL DIVERSITY","FORB","R036XY113CO"
"SD-365","SAMPLEFRAME","FALSE","FUNCTIONAL DIVERSITY","FORB","R034BY404CO"
"SD-366","SAMPLEFRAME","FALSE","FUNCTIONAL DIVERSITY","FORB","R036XY326CO"
"SD-367","SAMPLEFRAME","TRUE","FUNCTIONAL DIVERSITY","FORB","R034BY109UT"
"SD-368","GG-NCA","FALSE","FUNCTIONAL DIVERSITY","FORB","R034BY106UT"
"SD-369","DE-NCA","FALSE","FUNCTIONAL DIVERSITY","FORB","R036XY445CO"
"SD-370","SAMPLEFRAME","TRUE","FUNCTIONAL DIVERSITY","FORB","R036XY141CO"
"SD-371","DE-NCA","FALSE","FUNCTIONAL DIVERSITY","FORB","R034BY233UT"
"SD-372","GG-NCA","FALSE","FUNCTIONAL DIVERSITY","FORB","R034BY328CO"
"SD-373","DE-NCA","FALSE","FUNCTIONAL DIVERSITY","FORB","R034XY401CO"
"SD-374","SAMPLEFRAME","FALSE","FUNCTIONAL DIVERSITY","FORB","R048AY245CO"
"SD-375","DE-NCA","FALSE","FUNCTIONAL DIVERSITY","FORB","R034XY401CO"
"SD-377","SAMPLEFRAME","FALSE","FUNCTIONAL DIVERSITY","FORB","R034XY262CO"
"SD-378","SAMPLEFRAME","TRUE","FUNCTIONAL DIVERSITY","FORB","R036XY325CO"
"SD-379","SAMPLEFRAME","FALSE","FUNCTIONAL DIVERSITY","FORB","R034BY106UT"
"SD-380","GG-NCA","FALSE","FUNCTIONAL DIVERSITY","FORB","R034XY262CO"
"SD-381","ACEC-WSA","FALSE","FUNCTIONAL DIVERSITY","FORB","R034BY404CO"
"SD-382","SAMPLEFRAME","FALSE","FUNCTIONAL DIVERSITY","FORB","R036XY287CO"
"SD-383","SAMPLEFRAME","FALSE","FUNCTIONAL DIVERSITY","FORB","R036XY289CO"
"SD-384","SAMPLEFRAME","FALSE","FUNCTIONAL DIVERSITY","FORB","R034BY106UT"
"SD-385","SAMPLEFRAME","TRUE","FUNCTIONAL DIVERSITY","FORB","R034BY404CO"
"SD-387","DE-NCA","FALSE","FUNCTIONAL DIVERSITY","FORB","R034XY406CO"
"SD-388","DE-NCA","FALSE","FUNCTIONAL DIVERSITY","FORB","R034BY106UT"
"SD-391","SAMPLEFRAME","FALSE","FUNCTIONAL DIVERSITY","FORB","R036XY113CO"
"SD-392","SAMPLEFRAME","FALSE","FUNCTIONAL DIVERSITY","FORB","R034BY117UT"
"SD-393","SAMPLEFRAME","FALSE","FUNCTIONAL DIVERSITY","FORB","R036XY114CO"
"SD-394","GG-NCA","FALSE","FUNCTIONAL DIVERSITY","FORB","SAW_Shallow_&_Rocky"
"SD-395","DE-NCA","FALSE","FUNCTIONAL DIVERSITY","FORB","AW-Breaks"
"SD-396","DE-NCA","FALSE","FUNCTIONAL DIVERSITY","FORB","AW-Deep_Rocky"
"SD-397","SAMPLEFRAME","FALSE","FUNCTIONAL DIVERSITY","FORB","AW-Deep_Rocky"
"SD-398","DE-NCA","FALSE","FUNCTIONAL DIVERSITY","FORB","AW-Deep_Rocky"
"SD-399","SAMPLEFRAME","FALSE","FUNCTIONAL DIVERSITY","FORB","R034XY298CO"
"SD-401","SAMPLEFRAME","FALSE","FUNCTIONAL DIVERSITY","FORB","R036XY113CO"
"SD-403","SAMPLEFRAME","FALSE","FUNCTIONAL DIVERSITY","FORB","R036XY284CO"
"SD-404","GG-NCA","FALSE","FUNCTIONAL DIVERSITY","FORB","R034BY117UT"
"SD-405","SAMPLEFRAME","FALSE","FUNCTIONAL DIVERSITY","FORB","AW-Saline_Hills"
"SD-407","SAMPLEFRAME","FALSE","FUNCTIONAL DIVERSITY","FORB","R034BY117UT"
"SD-408","DE-NCA","FALSE","FUNCTIONAL DIVERSITY","FORB","R034BY112UT"
"SD-409","SAMPLEFRAME","FALSE","FUNCTIONAL DIVERSITY","FORB","AW-Saline_Uplands"
"SD-410","GG-NCA","FALSE","FUNCTIONAL DIVERSITY","FORB","R034BY109UT"
"SD-412","SAMPLEFRAME","FALSE","FUNCTIONAL DIVERSITY","FORB","R034BY109UT"
"SD-413","SAMPLEFRAME","FALSE","FUNCTIONAL DIVERSITY","FORB","R036XY113CO"
"SD-414","SAMPLEFRAME","FALSE","FUNCTIONAL DIVERSITY","FORB","R034BY117UT"
"AS-002","SAMPLEFRAME","FALSE","FUNCTIONAL DIVERSITY","SHRUB","SAC-Deep_Rocky"
"AS-004","SAMPLEFRAME","FALSE","FUNCTIONAL DIVERSITY","SHRUB","R048AY247CO"
"AS-008","SAMPLEFRAME","TRUE","FUNCTIONAL DIVERSITY","SHRUB","SAW_Shallow_&_Rocky"
"AS-012","SAMPLEFRAME","FALSE","FUNCTIONAL DIVERSITY","SHRUB","AW-Bottoms"
"GR-021","SAMPLEFRAME","TRUE","FUNCTIONAL DIVERSITY","SHRUB","R036XY114CO"
"GR-022","SAMPLEFRAME","TRUE","FUNCTIONAL DIVERSITY","SHRUB","R036XY114CO"
"GR-023","SAMPLEFRAME","TRUE","FUNCTIONAL DIVERSITY","SHRUB","R036XY287CO"
"GR-024","DE-NCA","TRUE","FUNCTIONAL DIVERSITY","SHRUB","R036XY287CO"
"GR-025","SAMPLEFRAME","TRUE","FUNCTIONAL DIVERSITY","SHRUB","R036XY114CO"
"GR-026","SAMPLEFRAME","FALSE","FUNCTIONAL DIVERSITY","SHRUB","R036XY114CO"
"GR-027","SAMPLEFRAME","FALSE","FUNCTIONAL DIVERSITY","SHRUB","SAW-Finer_Uplands"
"GR-028","DE-NCA","TRUE","FUNCTIONAL DIVERSITY","SHRUB","R034BY106UT"
"MC-044","SAMPLEFRAME","FALSE","FUNCTIONAL DIVERSITY","SHRUB","R048AY228CO"
"MC-048","SAMPLEFRAME","FALSE","FUNCTIONAL DIVERSITY","SHRUB","F048AY918CO"
"MC-049","SAMPLEFRAME","FALSE","FUNCTIONAL DIVERSITY","SHRUB","R048AY238CO"
"MC-052","SAMPLEFRAME","FALSE","FUNCTIONAL DIVERSITY","SHRUB","F048AY449CO"
"MC-056","SAMPLEFRAME","FALSE","FUNCTIONAL DIVERSITY","SHRUB","AW-Bottoms"
"MC-057","SAMPLEFRAME","TRUE","FUNCTIONAL DIVERSITY","SHRUB","SAW_Shallow_&_Rocky"
"MC-066","SAMPLEFRAME","FALSE","FUNCTIONAL DIVERSITY","SHRUB","F048AY918CO"
"MC-068","SAMPLEFRAME","TRUE","FUNCTIONAL DIVERSITY","SHRUB","F048AY918CO"
"MC-070","SAMPLEFRAME","TRUE","FUNCTIONAL DIVERSITY","SHRUB","F048AY918CO"
"MMS-071","DE-NCA","FALSE","FUNCTIONAL DIVERSITY","SHRUB","R048AY238CO"
"MMS-072","SAMPLEFRAME","TRUE","FUNCTIONAL DIVERSITY","SHRUB","SAW-Finer_Uplands"
"MMS-073","SAMPLEFRAME","TRUE","FUNCTIONAL DIVERSITY","SHRUB","R036XY325CO"
"MMS-074","ACEC-WSA","FALSE","FUNCTIONAL DIVERSITY","SHRUB","R048AY238CO"
"MMS-075","SAMPLEFRAME","TRUE","FUNCTIONAL DIVERSITY","SHRUB","R036XY284CO"
"MMS-076","SAMPLEFRAME","TRUE","FUNCTIONAL DIVERSITY","SHRUB","R036XY114CO"
"MMS-079","SAMPLEFRAME","TRUE","FUNCTIONAL DIVERSITY","SHRUB","R036XY289CO"
"MMS-081","ACEC-WSA","FALSE","FUNCTIONAL DIVERSITY","SHRUB","R048AY247CO"
"MMS-082","SAMPLEFRAME","TRUE","FUNCTIONAL DIVERSITY","SHRUB","R034BY117UT"
"MMS-083","SAMPLEFRAME","FALSE","FUNCTIONAL DIVERSITY","SHRUB","R036XY114CO"
"MMS-084","SAMPLEFRAME","FALSE","FUNCTIONAL DIVERSITY","SHRUB","R034XY403CO"
"MMS-085","ACEC-WSA","TRUE","FUNCTIONAL DIVERSITY","SHRUB","R048AY306UT"
"MMS-087","DE-NCA","TRUE","FUNCTIONAL DIVERSITY","SHRUB","R036XY328CO"
"MMS-088","SAMPLEFRAME","TRUE","FUNCTIONAL DIVERSITY","SHRUB","R036XY325CO"
"MMS-089","ACEC-WSA","FALSE","FUNCTIONAL DIVERSITY","SHRUB","R048AY306UT"
"MMS-090","SAMPLEFRAME","FALSE","FUNCTIONAL DIVERSITY","SHRUB","R034XY403CO"
"MMS-091","SAMPLEFRAME","FALSE","FUNCTIONAL DIVERSITY","SHRUB","R048AY238CO"
"MMS-092","SAMPLEFRAME","TRUE","FUNCTIONAL DIVERSITY","SHRUB","R036XY289CO"
"MMS-093","ACEC-WSA","FALSE","FUNCTIONAL DIVERSITY","SHRUB","R036XY346CO"
"MMS-094","SAMPLEFRAME","FALSE","FUNCTIONAL DIVERSITY","SHRUB","R036XY289CO"
"MMS-095","DE-NCA","FALSE","FUNCTIONAL DIVERSITY","SHRUB","R036XY284CO"
"MMS-096","SAMPLEFRAME","FALSE","FUNCTIONAL DIVERSITY","SHRUB","R036XY113CO"
"MMS-097","SAMPLEFRAME","TRUE","FUNCTIONAL DIVERSITY","SHRUB","SAW-Very_Shallow"
"MMS-098","SAMPLEFRAME","FALSE","FUNCTIONAL DIVERSITY","SHRUB","SAW_Shallow_&_Rocky"
"MMS-099","SAMPLEFRAME","FALSE","FUNCTIONAL DIVERSITY","SHRUB","SAC-Finer_Uplands"
"MMS-100","SAMPLEFRAME","TRUE","FUNCTIONAL DIVERSITY","SHRUB","R036XY284CO"
"MMS-101","ACEC-WSA","TRUE","FUNCTIONAL DIVERSITY","SHRUB","R048AY306UT"
"MMS-102","SAMPLEFRAME","TRUE","FUNCTIONAL DIVERSITY","SHRUB","R034BY006UT"
"OT-112","SAMPLEFRAME","TRUE","FUNCTIONAL DIVERSITY","SHRUB","R034BY109UT"
"OT-113","SAMPLEFRAME","TRUE","FUNCTIONAL DIVERSITY","SHRUB","R036XY141CO"
"OT-117","SAMPLEFRAME","TRUE","FUNCTIONAL DIVERSITY","SHRUB","R036XY326CO"
"OT-126","SAMPLEFRAME","TRUE","FUNCTIONAL DIVERSITY","SHRUB","Outcrops"
"PJ-131","SAMPLEFRAME","TRUE","FUNCTIONAL DIVERSITY","SHRUB","R036XY289CO"
"PJ-132","SAMPLEFRAME","TRUE","FUNCTIONAL DIVERSITY","SHRUB","R036XY284CO"
"PJ-133","SAMPLEFRAME","TRUE","FUNCTIONAL DIVERSITY","SHRUB","R036XY284CO"
"PJ-136","SAMPLEFRAME","FALSE","FUNCTIONAL DIVERSITY","SHRUB","R036XY114CO"
"PJ-137","SAMPLEFRAME","TRUE","FUNCTIONAL DIVERSITY","SHRUB","R036XY284CO"
"PJ-138","DE-NCA","TRUE","FUNCTIONAL DIVERSITY","SHRUB","R036XY113CO"
"PJ-140","SAMPLEFRAME","TRUE","FUNCTIONAL DIVERSITY","SHRUB","R036XY326CO"
"PJ-141","SAMPLEFRAME","TRUE","FUNCTIONAL DIVERSITY","SHRUB","R036XY114CO"
"PJ-143","SAMPLEFRAME","FALSE","FUNCTIONAL DIVERSITY","SHRUB","R036XY113CO"
"PJ-146","SAMPLEFRAME","TRUE","FUNCTIONAL DIVERSITY","SHRUB","R048AY238CO"
"PJ-147","GG-NCA","TRUE","FUNCTIONAL DIVERSITY","SHRUB","R036XY287CO"
"PJ-149","SAMPLEFRAME","TRUE","FUNCTIONAL DIVERSITY","SHRUB","R036XY284CO"
"PJ-150","DE-NCA","TRUE","FUNCTIONAL DIVERSITY","SHRUB","R036XY141CO"
"PJ-151","SAMPLEFRAME","TRUE","FUNCTIONAL DIVERSITY","SHRUB","R036XY325CO"
"PJ-152","SAMPLEFRAME","TRUE","FUNCTIONAL DIVERSITY","SHRUB","R036XY445CO"
"PJ-153","SAMPLEFRAME","TRUE","FUNCTIONAL DIVERSITY","SHRUB","R036XY113CO"
"PJ-154","SAMPLEFRAME","TRUE","FUNCTIONAL DIVERSITY","SHRUB","R036XY114CO"
"PJ-155","SAMPLEFRAME","FALSE","FUNCTIONAL DIVERSITY","SHRUB","R036XY114CO"
"PJ-156","ACEC-WSA","TRUE","FUNCTIONAL DIVERSITY","SHRUB","SAW-Breaks"
"PJ-157","SAMPLEFRAME","FALSE","FUNCTIONAL DIVERSITY","SHRUB","SAW_Shallow_&_Rocky"
"PJ-158","DE-NCA","FALSE","FUNCTIONAL DIVERSITY","SHRUB","R036XY113CO"
"PJ-159","SAMPLEFRAME","TRUE","FUNCTIONAL DIVERSITY","SHRUB","R036XY114CO"
"PJ-160","SAMPLEFRAME","FALSE","FUNCTIONAL DIVERSITY","SHRUB","R036XY114CO"
"PJ-161","SAMPLEFRAME","TRUE","FUNCTIONAL DIVERSITY","SHRUB","R036XY114CO"
"PJ-164","SAMPLEFRAME","FALSE","FUNCTIONAL DIVERSITY","SHRUB","SAW-Very_Shallow"
"PJ-165","SAMPLEFRAME","FALSE","FUNCTIONAL DIVERSITY","SHRUB","R036XY445CO"
"PJ-166","DE-NCA","TRUE","FUNCTIONAL DIVERSITY","SHRUB","R036XY113CO"
"PJ-167","SAMPLEFRAME","TRUE","FUNCTIONAL DIVERSITY","SHRUB","R036XY113CO"
"PJ-168","ACEC-WSA","TRUE","FUNCTIONAL DIVERSITY","SHRUB","SAW-Very_Shallow"
"PP-171","SAMPLEFRAME","FALSE","FUNCTIONAL DIVERSITY","SHRUB","R048AY228CO"
"PP-172","DE-NCA","TRUE","FUNCTIONAL DIVERSITY","SHRUB","R035XY408CO"
"PP-173","SAMPLEFRAME","FALSE","FUNCTIONAL DIVERSITY","SHRUB","R036XY114CO"
"PP-175","SAMPLEFRAME","TRUE","FUNCTIONAL DIVERSITY","SHRUB","R036XY284CO"
"PP-176","SAMPLEFRAME","FALSE","FUNCTIONAL DIVERSITY","SHRUB","SAW-Finer_Uplands"
"PP-177","SAMPLEFRAME","TRUE","FUNCTIONAL DIVERSITY","SHRUB","R036XY287CO"
"PP-179","SAMPLEFRAME","TRUE","FUNCTIONAL DIVERSITY","SHRUB","R036XY289CO"
"PP-180","SAMPLEFRAME","FALSE","FUNCTIONAL DIVERSITY","SHRUB","R048AY255CO"
"RI-194","SAMPLEFRAME","TRUE","FUNCTIONAL DIVERSITY","SHRUB","R036XY113CO"
"RI-195","SAMPLEFRAME","TRUE","FUNCTIONAL DIVERSITY","SHRUB","SAW-Finer_Uplands"
"RI-196","SAMPLEFRAME","TRUE","FUNCTIONAL DIVERSITY","SHRUB","R036XY113CO"
"RI-198","SAMPLEFRAME","TRUE","FUNCTIONAL DIVERSITY","SHRUB","R036XY113CO"
"RI-199","SAMPLEFRAME","FALSE","FUNCTIONAL DIVERSITY","SHRUB","R034XY401CO"
"RI-200","SAMPLEFRAME","TRUE","FUNCTIONAL DIVERSITY","SHRUB","R036XY142CO"
"RI-202","SAMPLEFRAME","FALSE","FUNCTIONAL DIVERSITY","SHRUB","R034BY006UT"
"RI-203","SAMPLEFRAME","FALSE","FUNCTIONAL DIVERSITY","SHRUB","R036XY114CO"
"RI-204","DE-NCA","TRUE","FUNCTIONAL DIVERSITY","SHRUB","R036XY325CO"
"RI-206","SAMPLEFRAME","FALSE","FUNCTIONAL DIVERSITY","SHRUB","SAC-Finer_Uplands"
"RI-208","SAMPLEFRAME","TRUE","FUNCTIONAL DIVERSITY","SHRUB","SAW_Sandy_&_Loamy"
"RI-209","SAMPLEFRAME","TRUE","FUNCTIONAL DIVERSITY","SHRUB","SAW-Bottoms_&_Bottoms"
"RI-210","SAMPLEFRAME","TRUE","FUNCTIONAL DIVERSITY","SHRUB","SAW-Saline_Bottoms"
"RI-212","SAMPLEFRAME","TRUE","FUNCTIONAL DIVERSITY","SHRUB","SAW-Finer_Uplands"
"SS-221","SAMPLEFRAME","FALSE","FUNCTIONAL DIVERSITY","SHRUB","R036XY114CO"
"SS-222","SAMPLEFRAME","FALSE","FUNCTIONAL DIVERSITY","SHRUB","R048AY247CO"
"SS-223","DE-NCA","TRUE","FUNCTIONAL DIVERSITY","SHRUB","R036XY113CO"
"SS-224","SAMPLEFRAME","TRUE","FUNCTIONAL DIVERSITY","SHRUB","R036XY284CO"
"SS-225","SAMPLEFRAME","TRUE","FUNCTIONAL DIVERSITY","SHRUB","R036XY113CO"
"SS-227","DE-NCA","TRUE","FUNCTIONAL DIVERSITY","SHRUB","R036XY113CO"
"SS-228","SAMPLEFRAME","TRUE","FUNCTIONAL DIVERSITY","SHRUB","R036XY326CO"
"SS-229","SAMPLEFRAME","FALSE","FUNCTIONAL DIVERSITY","SHRUB","R036XY326CO"
"SS-230","SAMPLEFRAME","TRUE","FUNCTIONAL DIVERSITY","SHRUB","R036XY326CO"
"SS-231","SAMPLEFRAME","TRUE","FUNCTIONAL DIVERSITY","SHRUB","R036XY326CO"
"SS-232","SAMPLEFRAME","FALSE","FUNCTIONAL DIVERSITY","SHRUB","R036XY326CO"
"SS-233","SAMPLEFRAME","FALSE","FUNCTIONAL DIVERSITY","SHRUB","R048AY238CO"
"SS-234","GG-NCA","TRUE","FUNCTIONAL DIVERSITY","SHRUB","R034BY006UT"
"SS-237","SAMPLEFRAME","FALSE","FUNCTIONAL DIVERSITY","SHRUB","R036XY113CO"
"SS-238","SAMPLEFRAME","FALSE","FUNCTIONAL DIVERSITY","SHRUB","R048AY247CO"
"SS-239","DE-NCA","TRUE","FUNCTIONAL DIVERSITY","SHRUB","R036XY325CO"
"SS-240","SAMPLEFRAME","TRUE","FUNCTIONAL DIVERSITY","SHRUB","R036XY315UT"
"SS-241","SAMPLEFRAME","TRUE","FUNCTIONAL DIVERSITY","SHRUB","R036XY113CO"
"SS-242","SAMPLEFRAME","FALSE","FUNCTIONAL DIVERSITY","SHRUB","R034XY403CO"
"SS-243","DE-NCA","TRUE","FUNCTIONAL DIVERSITY","SHRUB","R036XY113CO"
"SS-244","SAMPLEFRAME","TRUE","FUNCTIONAL DIVERSITY","SHRUB","R036XY113CO"
"SS-245","SAMPLEFRAME","TRUE","FUNCTIONAL DIVERSITY","SHRUB","R036XY114CO"
"SS-246","SAMPLEFRAME","TRUE","FUNCTIONAL DIVERSITY","SHRUB","R034BY404CO"
"SS-247","SAMPLEFRAME","TRUE","FUNCTIONAL DIVERSITY","SHRUB","R036XY326CO"
"SS-248","SAMPLEFRAME","TRUE","FUNCTIONAL DIVERSITY","SHRUB","R036XY114CO"
"SS-250","GG-NCA","TRUE","FUNCTIONAL DIVERSITY","SHRUB","SAW-Very_Shallow"
"SS-251","SAMPLEFRAME","TRUE","FUNCTIONAL DIVERSITY","SHRUB","R036XY325CO"
"SS-252","SAMPLEFRAME","TRUE","FUNCTIONAL DIVERSITY","SHRUB","R036XY445CO"
"SS-253","SAMPLEFRAME","TRUE","FUNCTIONAL DIVERSITY","SHRUB","SAW-Finer_Uplands"
"SS-254","SAMPLEFRAME","FALSE","FUNCTIONAL DIVERSITY","SHRUB","SAW_Shallow_&_Rocky"
"SS-255","DE-NCA","TRUE","FUNCTIONAL DIVERSITY","SHRUB","R036XY114CO"
"SS-256","SAMPLEFRAME","TRUE","FUNCTIONAL DIVERSITY","SHRUB","R036XY114CO"
"SS-257","SAMPLEFRAME","TRUE","FUNCTIONAL DIVERSITY","SHRUB","R036XY113CO"
"SS-258","SAMPLEFRAME","TRUE","FUNCTIONAL DIVERSITY","SHRUB","R036XY113CO"
"SS-259","DE-NCA","TRUE","FUNCTIONAL DIVERSITY","SHRUB","R036XY315UT"
"SS-260","SAMPLEFRAME","TRUE","FUNCTIONAL DIVERSITY","SHRUB","R036XY287CO"
"SS-261","SAMPLEFRAME","TRUE","FUNCTIONAL DIVERSITY","SHRUB","R036XY114CO"
"SS-262","SAMPLEFRAME","TRUE","FUNCTIONAL DIVERSITY","SHRUB","R034BY404CO"
"SS-264","SAMPLEFRAME","TRUE","FUNCTIONAL DIVERSITY","SHRUB","R036XY114CO"
"SS-265","SAMPLEFRAME","TRUE","FUNCTIONAL DIVERSITY","SHRUB","R036XY325CO"
"SS-267","SAMPLEFRAME","TRUE","FUNCTIONAL DIVERSITY","SHRUB","R036XY284CO"
"SS-268","SAMPLEFRAME","TRUE","FUNCTIONAL DIVERSITY","SHRUB","R036XY284CO"
"SS-269","SAMPLEFRAME","FALSE","FUNCTIONAL DIVERSITY","SHRUB","R036XY325CO"
"SS-270","SAMPLEFRAME","FALSE","FUNCTIONAL DIVERSITY","SHRUB","R036XY289CO"
"SS-271","DE-NCA","FALSE","FUNCTIONAL DIVERSITY","SHRUB","R034XY401CO"
"SS-273","SAMPLEFRAME","FALSE","FUNCTIONAL DIVERSITY","SHRUB","R036XY113CO"
"SS-275","SAMPLEFRAME","TRUE","FUNCTIONAL DIVERSITY","SHRUB","R036XY114CO"
"SS-276","SAMPLEFRAME","TRUE","FUNCTIONAL DIVERSITY","SHRUB","R036XY113CO"
"SS-277","SAMPLEFRAME","TRUE","FUNCTIONAL DIVERSITY","SHRUB","R036XY325CO"
"SS-278","GG-NCA","TRUE","FUNCTIONAL DIVERSITY","SHRUB","R034BY106UT"
"SS-279","SAMPLEFRAME","FALSE","FUNCTIONAL DIVERSITY","SHRUB","R036XY325CO"
"SS-280","SAMPLEFRAME","TRUE","FUNCTIONAL DIVERSITY","SHRUB","R036XY325CO"
"SS-281","SAMPLEFRAME","FALSE","FUNCTIONAL DIVERSITY","SHRUB","R048AY247CO"
"SS-282","GG-NCA","TRUE","FUNCTIONAL DIVERSITY","SHRUB","R036XY141CO"
"SS-283","ACEC-WSA","TRUE","FUNCTIONAL DIVERSITY","SHRUB","R036XY326CO"
"SS-284","SAMPLEFRAME","TRUE","FUNCTIONAL DIVERSITY","SHRUB","R036XY328CO"
"SS-285","ACEC-WSA","FALSE","FUNCTIONAL DIVERSITY","SHRUB","R034XY403CO"
"SS-286","GG-NCA","TRUE","FUNCTIONAL DIVERSITY","SHRUB","R035XY136UT"
"SS-287","SAMPLEFRAME","FALSE","FUNCTIONAL DIVERSITY","SHRUB","R036XY142CO"
"SS-288","SAMPLEFRAME","FALSE","FUNCTIONAL DIVERSITY","SHRUB","R036XY326CO"
"SS-289","SAMPLEFRAME","TRUE","FUNCTIONAL DIVERSITY","SHRUB","R036XY113CO"
"SS-290","DE-NCA","FALSE","FUNCTIONAL DIVERSITY","SHRUB","R034XY406CO"
"SS-291","DE-NCA","TRUE","FUNCTIONAL DIVERSITY","SHRUB","R036XY141CO"
"SS-292","SAMPLEFRAME","TRUE","FUNCTIONAL DIVERSITY","SHRUB","R036XY326CO"
"SS-293","SAMPLEFRAME","FALSE","FUNCTIONAL DIVERSITY","SHRUB","R036XY141CO"
"SS-295","SAMPLEFRAME","TRUE","FUNCTIONAL DIVERSITY","SHRUB","R036XY114CO"
"SS-296","SAMPLEFRAME","TRUE","FUNCTIONAL DIVERSITY","SHRUB","SAW-Breaks"
"SS-297","GG-NCA","TRUE","FUNCTIONAL DIVERSITY","SHRUB","R034BY106UT"
"SS-298","ACEC-WSA","FALSE","FUNCTIONAL DIVERSITY","SHRUB","SAW-Finer_Uplands"
"SS-299","SAMPLEFRAME","TRUE","FUNCTIONAL DIVERSITY","SHRUB","R036XY325CO"
"SS-300","SAMPLEFRAME","TRUE","FUNCTIONAL DIVERSITY","SHRUB","R034XY327CO"
"SS-301","SAMPLEFRAME","FALSE","FUNCTIONAL DIVERSITY","SHRUB","SAW-Finer_Uplands"
"SS-302","SAMPLEFRAME","FALSE","FUNCTIONAL DIVERSITY","SHRUB","SAC-Finer_Uplands"
"SS-304","SAMPLEFRAME","TRUE","FUNCTIONAL DIVERSITY","SHRUB","SAW-Finer_Uplands"
"SS-305","SAMPLEFRAME","TRUE","FUNCTIONAL DIVERSITY","SHRUB","R036XY113CO"
"SS-306","SAMPLEFRAME","TRUE","FUNCTIONAL DIVERSITY","SHRUB","R034BY212UT"
"SS-307","SAMPLEFRAME","TRUE","FUNCTIONAL DIVERSITY","SHRUB","R036XY326CO"
"SS-308","SAMPLEFRAME","TRUE","FUNCTIONAL DIVERSITY","SHRUB","R036XY284CO"
"SS-310","SAMPLEFRAME","TRUE","FUNCTIONAL DIVERSITY","SHRUB","R034BY404CO"
"SS-311","SAMPLEFRAME","TRUE","FUNCTIONAL DIVERSITY","SHRUB","R036XY326CO"
"SS-312","SAMPLEFRAME","TRUE","FUNCTIONAL DIVERSITY","SHRUB","R036XY284CO"
"SS-313","SAMPLEFRAME","FALSE","FUNCTIONAL DIVERSITY","SHRUB","R036XY114CO"
"SS-314","SAMPLEFRAME","TRUE","FUNCTIONAL DIVERSITY","SHRUB","SAC-Bottoms"
"SS-315","SAMPLEFRAME","TRUE","FUNCTIONAL DIVERSITY","SHRUB","SAW-Clay_Uplands"
"SS-316","SAMPLEFRAME","TRUE","FUNCTIONAL DIVERSITY","SHRUB","R036XY284CO"
"SS-318","SAMPLEFRAME","FALSE","FUNCTIONAL DIVERSITY","SHRUB","R036XY289CO"
"SS-319","SAMPLEFRAME","TRUE","FUNCTIONAL DIVERSITY","SHRUB","R036XY326CO"
"SS-320","SAMPLEFRAME","TRUE","FUNCTIONAL DIVERSITY","SHRUB","R036XY284CO"
"SD-323","SAMPLEFRAME","TRUE","FUNCTIONAL DIVERSITY","SHRUB","R036XY325CO"
"SD-324","SAMPLEFRAME","TRUE","FUNCTIONAL DIVERSITY","SHRUB","R034BY117UT"
"SD-325","SAMPLEFRAME","TRUE","FUNCTIONAL DIVERSITY","SHRUB","R034BY404CO"
"SD-326","SAMPLEFRAME","TRUE","FUNCTIONAL DIVERSITY","SHRUB","R036XY325CO"
"SD-327","SAMPLEFRAME","TRUE","FUNCTIONAL DIVERSITY","SHRUB","R034BY117UT"
"SD-328","GG-NCA","TRUE","FUNCTIONAL DIVERSITY","SHRUB","R034BY109UT"
"SD-329","SAMPLEFRAME","FALSE","FUNCTIONAL DIVERSITY","SHRUB","R034XY410CO"
"SD-330","SAMPLEFRAME","TRUE","FUNCTIONAL DIVERSITY","SHRUB","R036XY114CO"
"SD-331","DE-NCA","TRUE","FUNCTIONAL DIVERSITY","SHRUB","R034BY106UT"
"SD-332","SAMPLEFRAME","TRUE","FUNCTIONAL DIVERSITY","SHRUB","R034BY104UT"
"SD-333","SAMPLEFRAME","TRUE","FUNCTIONAL DIVERSITY","SHRUB","SAW-Very_Shallow"
"SD-334","SAMPLEFRAME","TRUE","FUNCTIONAL DIVERSITY","SHRUB","R034BY404CO"
"SD-335","SAMPLEFRAME","TRUE","FUNCTIONAL DIVERSITY","SHRUB","R036XY113CO"
"SD-336","GG-NCA","FALSE","FUNCTIONAL DIVERSITY","SHRUB","R034XY403CO"
"SD-337","DE-NCA","TRUE","FUNCTIONAL DIVERSITY","SHRUB","R034BY404CO"
"SD-339","SAMPLEFRAME","TRUE","FUNCTIONAL DIVERSITY","SHRUB","R036XY113CO"
"SD-340","SAMPLEFRAME","TRUE","FUNCTIONAL DIVERSITY","SHRUB","R034BY006UT"
"SD-341","SAMPLEFRAME","TRUE","FUNCTIONAL DIVERSITY","SHRUB","R034XY402CO"
"SD-342","SAMPLEFRAME","TRUE","FUNCTIONAL DIVERSITY","SHRUB","R036XY326CO"
"SD-344","GG-NCA","FALSE","FUNCTIONAL DIVERSITY","SHRUB","R034BY104UT"
"SD-347","DE-NCA","TRUE","FUNCTIONAL DIVERSITY","SHRUB","R034BY106UT"
"SD-348","SAMPLEFRAME","TRUE","FUNCTIONAL DIVERSITY","SHRUB","R034BY109UT"
"SD-352","GG-NCA","TRUE","FUNCTIONAL DIVERSITY","SHRUB","R034BY109UT"
"SD-353","DE-NCA","FALSE","FUNCTIONAL DIVERSITY","SHRUB","R035XY408CO"
"SD-354","SAMPLEFRAME","FALSE","FUNCTIONAL DIVERSITY","SHRUB","R035XY408CO"
"SD-355","SAMPLEFRAME","TRUE","FUNCTIONAL DIVERSITY","SHRUB","R036XY325CO"
"SD-356","GG-NCA","TRUE","FUNCTIONAL DIVERSITY","SHRUB","R034BY006UT"
"SD-357","SAMPLEFRAME","TRUE","FUNCTIONAL DIVERSITY","SHRUB","R034BY404CO"
"SD-358","SAMPLEFRAME","TRUE","FUNCTIONAL DIVERSITY","SHRUB","R034XY401CO"
"SD-359","DE-NCA","TRUE","FUNCTIONAL DIVERSITY","SHRUB","R034BY112UT"
"SD-360","GG-NCA","FALSE","FUNCTIONAL DIVERSITY","SHRUB","R034XY410CO"
"SD-363","SAMPLEFRAME","FALSE","FUNCTIONAL DIVERSITY","SHRUB","R036XY113CO"
"SD-365","SAMPLEFRAME","TRUE","FUNCTIONAL DIVERSITY","SHRUB","R034BY404CO"
"SD-366","SAMPLEFRAME","TRUE","FUNCTIONAL DIVERSITY","SHRUB","R036XY326CO"
"SD-367","SAMPLEFRAME","TRUE","FUNCTIONAL DIVERSITY","SHRUB","R034BY109UT"
"SD-368","GG-NCA","TRUE","FUNCTIONAL DIVERSITY","SHRUB","R034BY106UT"
"SD-369","DE-NCA","TRUE","FUNCTIONAL DIVERSITY","SHRUB","R036XY445CO"
"SD-370","SAMPLEFRAME","TRUE","FUNCTIONAL DIVERSITY","SHRUB","R036XY141CO"
"SD-371","DE-NCA","TRUE","FUNCTIONAL DIVERSITY","SHRUB","R034BY233UT"
"SD-372","GG-NCA","FALSE","FUNCTIONAL DIVERSITY","SHRUB","R034BY328CO"
"SD-373","DE-NCA","FALSE","FUNCTIONAL DIVERSITY","SHRUB","R034XY401CO"
"SD-374","SAMPLEFRAME","FALSE","FUNCTIONAL DIVERSITY","SHRUB","R048AY245CO"
"SD-375","DE-NCA","TRUE","FUNCTIONAL DIVERSITY","SHRUB","R034XY401CO"
"SD-377","SAMPLEFRAME","TRUE","FUNCTIONAL DIVERSITY","SHRUB","R034XY262CO"
"SD-378","SAMPLEFRAME","TRUE","FUNCTIONAL DIVERSITY","SHRUB","R036XY325CO"
"SD-379","SAMPLEFRAME","TRUE","FUNCTIONAL DIVERSITY","SHRUB","R034BY106UT"
"SD-380","GG-NCA","FALSE","FUNCTIONAL DIVERSITY","SHRUB","R034XY262CO"
"SD-381","ACEC-WSA","TRUE","FUNCTIONAL DIVERSITY","SHRUB","R034BY404CO"
"SD-382","SAMPLEFRAME","TRUE","FUNCTIONAL DIVERSITY","SHRUB","R036XY287CO"
"SD-383","SAMPLEFRAME","FALSE","FUNCTIONAL DIVERSITY","SHRUB","R036XY289CO"
"SD-384","SAMPLEFRAME","TRUE","FUNCTIONAL DIVERSITY","SHRUB","R034BY106UT"
"SD-385","SAMPLEFRAME","TRUE","FUNCTIONAL DIVERSITY","SHRUB","R034BY404CO"
"SD-387","DE-NCA","TRUE","FUNCTIONAL DIVERSITY","SHRUB","R034XY406CO"
"SD-388","DE-NCA","TRUE","FUNCTIONAL DIVERSITY","SHRUB","R034BY106UT"
"SD-391","SAMPLEFRAME","TRUE","FUNCTIONAL DIVERSITY","SHRUB","R036XY113CO"
"SD-392","SAMPLEFRAME","TRUE","FUNCTIONAL DIVERSITY","SHRUB","R034BY117UT"
"SD-393","SAMPLEFRAME","TRUE","FUNCTIONAL DIVERSITY","SHRUB","R036XY114CO"
"SD-394","GG-NCA","TRUE","FUNCTIONAL DIVERSITY","SHRUB","SAW_Shallow_&_Rocky"
"SD-395","DE-NCA","TRUE","FUNCTIONAL DIVERSITY","SHRUB","AW-Breaks"
"SD-396","DE-NCA","TRUE","FUNCTIONAL DIVERSITY","SHRUB","AW-Deep_Rocky"
"SD-397","SAMPLEFRAME","TRUE","FUNCTIONAL DIVERSITY","SHRUB","AW-Deep_Rocky"
"SD-398","DE-NCA","TRUE","FUNCTIONAL DIVERSITY","SHRUB","AW-Deep_Rocky"
"SD-399","SAMPLEFRAME","TRUE","FUNCTIONAL DIVERSITY","SHRUB","R034XY298CO"
"SD-401","SAMPLEFRAME","TRUE","FUNCTIONAL DIVERSITY","SHRUB","R036XY113CO"
"SD-403","SAMPLEFRAME","TRUE","FUNCTIONAL DIVERSITY","SHRUB","R036XY284CO"
"SD-404","GG-NCA","TRUE","FUNCTIONAL DIVERSITY","SHRUB","R034BY117UT"
"SD-405","SAMPLEFRAME","TRUE","FUNCTIONAL DIVERSITY","SHRUB","AW-Saline_Hills"
"SD-407","SAMPLEFRAME","TRUE","FUNCTIONAL DIVERSITY","SHRUB","R034BY117UT"
"SD-408","DE-NCA","TRUE","FUNCTIONAL DIVERSITY","SHRUB","R034BY112UT"
"SD-409","SAMPLEFRAME","TRUE","FUNCTIONAL DIVERSITY","SHRUB","AW-Saline_Uplands"
"SD-410","GG-NCA","TRUE","FUNCTIONAL DIVERSITY","SHRUB","R034BY109UT"
"SD-412","SAMPLEFRAME","TRUE","FUNCTIONAL DIVERSITY","SHRUB","R034BY109UT"
"SD-413","SAMPLEFRAME","TRUE","FUNCTIONAL DIVERSITY","SHRUB","R036XY113CO"
"SD-414","SAMPLEFRAME","TRUE","FUNCTIONAL DIVERSITY","SHRUB","R034BY117UT"
"AS-002","SAMPLEFRAME","TRUE","FUNCTIONAL DIVERSITY","TREE","SAC-Deep_Rocky"
"AS-004","SAMPLEFRAME","FALSE","FUNCTIONAL DIVERSITY","TREE","R048AY247CO"
"AS-008","SAMPLEFRAME","FALSE","FUNCTIONAL DIVERSITY","TREE","SAW_Shallow_&_Rocky"
"AS-012","SAMPLEFRAME","FALSE","FUNCTIONAL DIVERSITY","TREE","AW-Bottoms"
"GR-021","SAMPLEFRAME","FALSE","FUNCTIONAL DIVERSITY","TREE","R036XY114CO"
"GR-022","SAMPLEFRAME","FALSE","FUNCTIONAL DIVERSITY","TREE","R036XY114CO"
"GR-023","SAMPLEFRAME","FALSE","FUNCTIONAL DIVERSITY","TREE","R036XY287CO"
"GR-024","DE-NCA","FALSE","FUNCTIONAL DIVERSITY","TREE","R036XY287CO"
"GR-025","SAMPLEFRAME","TRUE","FUNCTIONAL DIVERSITY","TREE","R036XY114CO"
"GR-026","SAMPLEFRAME","FALSE","FUNCTIONAL DIVERSITY","TREE","R036XY114CO"
"GR-027","SAMPLEFRAME","FALSE","FUNCTIONAL DIVERSITY","TREE","SAW-Finer_Uplands"
"GR-028","DE-NCA","TRUE","FUNCTIONAL DIVERSITY","TREE","R034BY106UT"
"MC-044","SAMPLEFRAME","TRUE","FUNCTIONAL DIVERSITY","TREE","R048AY228CO"
"MC-048","SAMPLEFRAME","FALSE","FUNCTIONAL DIVERSITY","TREE","F048AY918CO"
"MC-049","SAMPLEFRAME","TRUE","FUNCTIONAL DIVERSITY","TREE","R048AY238CO"
"MC-052","SAMPLEFRAME","FALSE","FUNCTIONAL DIVERSITY","TREE","F048AY449CO"
"MC-056","SAMPLEFRAME","FALSE","FUNCTIONAL DIVERSITY","TREE","AW-Bottoms"
"MC-057","SAMPLEFRAME","FALSE","FUNCTIONAL DIVERSITY","TREE","SAW_Shallow_&_Rocky"
"MC-066","SAMPLEFRAME","FALSE","FUNCTIONAL DIVERSITY","TREE","F048AY918CO"
"MC-068","SAMPLEFRAME","FALSE","FUNCTIONAL DIVERSITY","TREE","F048AY918CO"
"MC-070","SAMPLEFRAME","FALSE","FUNCTIONAL DIVERSITY","TREE","F048AY918CO"
"MMS-071","DE-NCA","FALSE","FUNCTIONAL DIVERSITY","TREE","R048AY238CO"
"MMS-072","SAMPLEFRAME","FALSE","FUNCTIONAL DIVERSITY","TREE","SAW-Finer_Uplands"
"MMS-073","SAMPLEFRAME","TRUE","FUNCTIONAL DIVERSITY","TREE","R036XY325CO"
"MMS-074","ACEC-WSA","TRUE","FUNCTIONAL DIVERSITY","TREE","R048AY238CO"
"MMS-075","SAMPLEFRAME","FALSE","FUNCTIONAL DIVERSITY","TREE","R036XY284CO"
"MMS-076","SAMPLEFRAME","FALSE","FUNCTIONAL DIVERSITY","TREE","R036XY114CO"
"MMS-079","SAMPLEFRAME","TRUE","FUNCTIONAL DIVERSITY","TREE","R036XY289CO"
"MMS-081","ACEC-WSA","TRUE","FUNCTIONAL DIVERSITY","TREE","R048AY247CO"
"MMS-082","SAMPLEFRAME","TRUE","FUNCTIONAL DIVERSITY","TREE","R034BY117UT"
"MMS-083","SAMPLEFRAME","FALSE","FUNCTIONAL DIVERSITY","TREE","R036XY114CO"
"MMS-084","SAMPLEFRAME","TRUE","FUNCTIONAL DIVERSITY","TREE","R034XY403CO"
"MMS-085","ACEC-WSA","TRUE","FUNCTIONAL DIVERSITY","TREE","R048AY306UT"
"MMS-087","DE-NCA","FALSE","FUNCTIONAL DIVERSITY","TREE","R036XY328CO"
"MMS-088","SAMPLEFRAME","FALSE","FUNCTIONAL DIVERSITY","TREE","R036XY325CO"
"MMS-089","ACEC-WSA","TRUE","FUNCTIONAL DIVERSITY","TREE","R048AY306UT"
"MMS-090","SAMPLEFRAME","TRUE","FUNCTIONAL DIVERSITY","TREE","R034XY403CO"
"MMS-091","SAMPLEFRAME","TRUE","FUNCTIONAL DIVERSITY","TREE","R048AY238CO"
"MMS-092","SAMPLEFRAME","TRUE","FUNCTIONAL DIVERSITY","TREE","R036XY289CO"
"MMS-093","ACEC-WSA","TRUE","FUNCTIONAL DIVERSITY","TREE","R036XY346CO"
"MMS-094","SAMPLEFRAME","TRUE","FUNCTIONAL DIVERSITY","TREE","R036XY289CO"
"MMS-095","DE-NCA","TRUE","FUNCTIONAL DIVERSITY","TREE","R036XY284CO"
"MMS-096","SAMPLEFRAME","FALSE","FUNCTIONAL DIVERSITY","TREE","R036XY113CO"
"MMS-097","SAMPLEFRAME","FALSE","FUNCTIONAL DIVERSITY","TREE","SAW-Very_Shallow"
"MMS-098","SAMPLEFRAME","TRUE","FUNCTIONAL DIVERSITY","TREE","SAW_Shallow_&_Rocky"
"MMS-099","SAMPLEFRAME","TRUE","FUNCTIONAL DIVERSITY","TREE","SAC-Finer_Uplands"
"MMS-100","SAMPLEFRAME","TRUE","FUNCTIONAL DIVERSITY","TREE","R036XY284CO"
"MMS-101","ACEC-WSA","TRUE","FUNCTIONAL DIVERSITY","TREE","R048AY306UT"
"MMS-102","SAMPLEFRAME","TRUE","FUNCTIONAL DIVERSITY","TREE","R034BY006UT"
"OT-112","SAMPLEFRAME","TRUE","FUNCTIONAL DIVERSITY","TREE","R034BY109UT"
"OT-113","SAMPLEFRAME","TRUE","FUNCTIONAL DIVERSITY","TREE","R036XY141CO"
"OT-117","SAMPLEFRAME","TRUE","FUNCTIONAL DIVERSITY","TREE","R036XY326CO"
"OT-126","SAMPLEFRAME","TRUE","FUNCTIONAL DIVERSITY","TREE","Outcrops"
"PJ-131","SAMPLEFRAME","FALSE","FUNCTIONAL DIVERSITY","TREE","R036XY289CO"
"PJ-132","SAMPLEFRAME","FALSE","FUNCTIONAL DIVERSITY","TREE","R036XY284CO"
"PJ-133","SAMPLEFRAME","FALSE","FUNCTIONAL DIVERSITY","TREE","R036XY284CO"
"PJ-136","SAMPLEFRAME","FALSE","FUNCTIONAL DIVERSITY","TREE","R036XY114CO"
"PJ-137","SAMPLEFRAME","FALSE","FUNCTIONAL DIVERSITY","TREE","R036XY284CO"
"PJ-138","DE-NCA","FALSE","FUNCTIONAL DIVERSITY","TREE","R036XY113CO"
"PJ-140","SAMPLEFRAME","FALSE","FUNCTIONAL DIVERSITY","TREE","R036XY326CO"
"PJ-141","SAMPLEFRAME","TRUE","FUNCTIONAL DIVERSITY","TREE","R036XY114CO"
"PJ-143","SAMPLEFRAME","FALSE","FUNCTIONAL DIVERSITY","TREE","R036XY113CO"
"PJ-146","SAMPLEFRAME","TRUE","FUNCTIONAL DIVERSITY","TREE","R048AY238CO"
"PJ-147","GG-NCA","FALSE","FUNCTIONAL DIVERSITY","TREE","R036XY287CO"
"PJ-149","SAMPLEFRAME","FALSE","FUNCTIONAL DIVERSITY","TREE","R036XY284CO"
"PJ-150","DE-NCA","FALSE","FUNCTIONAL DIVERSITY","TREE","R036XY141CO"
"PJ-151","SAMPLEFRAME","FALSE","FUNCTIONAL DIVERSITY","TREE","R036XY325CO"
"PJ-152","SAMPLEFRAME","FALSE","FUNCTIONAL DIVERSITY","TREE","R036XY445CO"
"PJ-153","SAMPLEFRAME","FALSE","FUNCTIONAL DIVERSITY","TREE","R036XY113CO"
"PJ-154","SAMPLEFRAME","TRUE","FUNCTIONAL DIVERSITY","TREE","R036XY114CO"
"PJ-155","SAMPLEFRAME","TRUE","FUNCTIONAL DIVERSITY","TREE","R036XY114CO"
"PJ-156","ACEC-WSA","FALSE","FUNCTIONAL DIVERSITY","TREE","SAW-Breaks"
"PJ-157","SAMPLEFRAME","FALSE","FUNCTIONAL DIVERSITY","TREE","SAW_Shallow_&_Rocky"
"PJ-158","DE-NCA","FALSE","FUNCTIONAL DIVERSITY","TREE","R036XY113CO"
"PJ-159","SAMPLEFRAME","FALSE","FUNCTIONAL DIVERSITY","TREE","R036XY114CO"
"PJ-160","SAMPLEFRAME","FALSE","FUNCTIONAL DIVERSITY","TREE","R036XY114CO"
"PJ-161","SAMPLEFRAME","FALSE","FUNCTIONAL DIVERSITY","TREE","R036XY114CO"
"PJ-164","SAMPLEFRAME","FALSE","FUNCTIONAL DIVERSITY","TREE","SAW-Very_Shallow"
"PJ-165","SAMPLEFRAME","FALSE","FUNCTIONAL DIVERSITY","TREE","R036XY445CO"
"PJ-166","DE-NCA","TRUE","FUNCTIONAL DIVERSITY","TREE","R036XY113CO"
"PJ-167","SAMPLEFRAME","FALSE","FUNCTIONAL DIVERSITY","TREE","R036XY113CO"
"PJ-168","ACEC-WSA","FALSE","FUNCTIONAL DIVERSITY","TREE","SAW-Very_Shallow"
"PP-171","SAMPLEFRAME","TRUE","FUNCTIONAL DIVERSITY","TREE","R048AY228CO"
"PP-172","DE-NCA","FALSE","FUNCTIONAL DIVERSITY","TREE","R035XY408CO"
"PP-173","SAMPLEFRAME","TRUE","FUNCTIONAL DIVERSITY","TREE","R036XY114CO"
"PP-175","SAMPLEFRAME","FALSE","FUNCTIONAL DIVERSITY","TREE","R036XY284CO"
"PP-176","SAMPLEFRAME","TRUE","FUNCTIONAL DIVERSITY","TREE","SAW-Finer_Uplands"
"PP-177","SAMPLEFRAME","FALSE","FUNCTIONAL DIVERSITY","TREE","R036XY287CO"
"PP-179","SAMPLEFRAME","FALSE","FUNCTIONAL DIVERSITY","TREE","R036XY289CO"
"PP-180","SAMPLEFRAME","FALSE","FUNCTIONAL DIVERSITY","TREE","R048AY255CO"
"RI-194","SAMPLEFRAME","FALSE","FUNCTIONAL DIVERSITY","TREE","R036XY113CO"
"RI-195","SAMPLEFRAME","FALSE","FUNCTIONAL DIVERSITY","TREE","SAW-Finer_Uplands"
"RI-196","SAMPLEFRAME","TRUE","FUNCTIONAL DIVERSITY","TREE","R036XY113CO"
"RI-198","SAMPLEFRAME","TRUE","FUNCTIONAL DIVERSITY","TREE","R036XY113CO"
"RI-199","SAMPLEFRAME","TRUE","FUNCTIONAL DIVERSITY","TREE","R034XY401CO"
"RI-200","SAMPLEFRAME","FALSE","FUNCTIONAL DIVERSITY","TREE","R036XY142CO"
"RI-202","SAMPLEFRAME","TRUE","FUNCTIONAL DIVERSITY","TREE","R034BY006UT"
"RI-203","SAMPLEFRAME","FALSE","FUNCTIONAL DIVERSITY","TREE","R036XY114CO"
"RI-204","DE-NCA","TRUE","FUNCTIONAL DIVERSITY","TREE","R036XY325CO"
"RI-206","SAMPLEFRAME","FALSE","FUNCTIONAL DIVERSITY","TREE","SAC-Finer_Uplands"
"RI-208","SAMPLEFRAME","FALSE","FUNCTIONAL DIVERSITY","TREE","SAW_Sandy_&_Loamy"
"RI-209","SAMPLEFRAME","FALSE","FUNCTIONAL DIVERSITY","TREE","SAW-Bottoms_&_Bottoms"
"RI-210","SAMPLEFRAME","TRUE","FUNCTIONAL DIVERSITY","TREE","SAW-Saline_Bottoms"
"RI-212","SAMPLEFRAME","TRUE","FUNCTIONAL DIVERSITY","TREE","SAW-Finer_Uplands"
"SS-221","SAMPLEFRAME","TRUE","FUNCTIONAL DIVERSITY","TREE","R036XY114CO"
"SS-222","SAMPLEFRAME","TRUE","FUNCTIONAL DIVERSITY","TREE","R048AY247CO"
"SS-223","DE-NCA","TRUE","FUNCTIONAL DIVERSITY","TREE","R036XY113CO"
"SS-224","SAMPLEFRAME","FALSE","FUNCTIONAL DIVERSITY","TREE","R036XY284CO"
"SS-225","SAMPLEFRAME","FALSE","FUNCTIONAL DIVERSITY","TREE","R036XY113CO"
"SS-227","DE-NCA","TRUE","FUNCTIONAL DIVERSITY","TREE","R036XY113CO"
"SS-228","SAMPLEFRAME","TRUE","FUNCTIONAL DIVERSITY","TREE","R036XY326CO"
"SS-229","SAMPLEFRAME","FALSE","FUNCTIONAL DIVERSITY","TREE","R036XY326CO"
"SS-230","SAMPLEFRAME","TRUE","FUNCTIONAL DIVERSITY","TREE","R036XY326CO"
"SS-231","SAMPLEFRAME","FALSE","FUNCTIONAL DIVERSITY","TREE","R036XY326CO"
"SS-232","SAMPLEFRAME","FALSE","FUNCTIONAL DIVERSITY","TREE","R036XY326CO"
"SS-233","SAMPLEFRAME","TRUE","FUNCTIONAL DIVERSITY","TREE","R048AY238CO"
"SS-234","GG-NCA","TRUE","FUNCTIONAL DIVERSITY","TREE","R034BY006UT"
"SS-237","SAMPLEFRAME","FALSE","FUNCTIONAL DIVERSITY","TREE","R036XY113CO"
"SS-238","SAMPLEFRAME","TRUE","FUNCTIONAL DIVERSITY","TREE","R048AY247CO"
"SS-239","DE-NCA","FALSE","FUNCTIONAL DIVERSITY","TREE","R036XY325CO"
"SS-240","SAMPLEFRAME","TRUE","FUNCTIONAL DIVERSITY","TREE","R036XY315UT"
"SS-241","SAMPLEFRAME","TRUE","FUNCTIONAL DIVERSITY","TREE","R036XY113CO"
"SS-242","SAMPLEFRAME","TRUE","FUNCTIONAL DIVERSITY","TREE","R034XY403CO"
"SS-243","DE-NCA","FALSE","FUNCTIONAL DIVERSITY","TREE","R036XY113CO"
"SS-244","SAMPLEFRAME","FALSE","FUNCTIONAL DIVERSITY","TREE","R036XY113CO"
"SS-245","SAMPLEFRAME","TRUE","FUNCTIONAL DIVERSITY","TREE","R036XY114CO"
"SS-246","SAMPLEFRAME","TRUE","FUNCTIONAL DIVERSITY","TREE","R034BY404CO"
"SS-247","SAMPLEFRAME","TRUE","FUNCTIONAL DIVERSITY","TREE","R036XY326CO"
"SS-248","SAMPLEFRAME","FALSE","FUNCTIONAL DIVERSITY","TREE","R036XY114CO"
"SS-250","GG-NCA","TRUE","FUNCTIONAL DIVERSITY","TREE","SAW-Very_Shallow"
"SS-251","SAMPLEFRAME","FALSE","FUNCTIONAL DIVERSITY","TREE","R036XY325CO"
"SS-252","SAMPLEFRAME","FALSE","FUNCTIONAL DIVERSITY","TREE","R036XY445CO"
"SS-253","SAMPLEFRAME","FALSE","FUNCTIONAL DIVERSITY","TREE","SAW-Finer_Uplands"
"SS-254","SAMPLEFRAME","TRUE","FUNCTIONAL DIVERSITY","TREE","SAW_Shallow_&_Rocky"
"SS-255","DE-NCA","FALSE","FUNCTIONAL DIVERSITY","TREE","R036XY114CO"
"SS-256","SAMPLEFRAME","FALSE","FUNCTIONAL DIVERSITY","TREE","R036XY114CO"
"SS-257","SAMPLEFRAME","TRUE","FUNCTIONAL DIVERSITY","TREE","R036XY113CO"
"SS-258","SAMPLEFRAME","TRUE","FUNCTIONAL DIVERSITY","TREE","R036XY113CO"
"SS-259","DE-NCA","TRUE","FUNCTIONAL DIVERSITY","TREE","R036XY315UT"
"SS-260","SAMPLEFRAME","FALSE","FUNCTIONAL DIVERSITY","TREE","R036XY287CO"
"SS-261","SAMPLEFRAME","FALSE","FUNCTIONAL DIVERSITY","TREE","R036XY114CO"
"SS-262","SAMPLEFRAME","TRUE","FUNCTIONAL DIVERSITY","TREE","R034BY404CO"
"SS-264","SAMPLEFRAME","TRUE","FUNCTIONAL DIVERSITY","TREE","R036XY114CO"
"SS-265","SAMPLEFRAME","FALSE","FUNCTIONAL DIVERSITY","TREE","R036XY325CO"
"SS-267","SAMPLEFRAME","TRUE","FUNCTIONAL DIVERSITY","TREE","R036XY284CO"
"SS-268","SAMPLEFRAME","FALSE","FUNCTIONAL DIVERSITY","TREE","R036XY284CO"
"SS-269","SAMPLEFRAME","FALSE","FUNCTIONAL DIVERSITY","TREE","R036XY325CO"
"SS-270","SAMPLEFRAME","TRUE","FUNCTIONAL DIVERSITY","TREE","R036XY289CO"
"SS-271","DE-NCA","TRUE","FUNCTIONAL DIVERSITY","TREE","R034XY401CO"
"SS-273","SAMPLEFRAME","TRUE","FUNCTIONAL DIVERSITY","TREE","R036XY113CO"
"SS-275","SAMPLEFRAME","FALSE","FUNCTIONAL DIVERSITY","TREE","R036XY114CO"
"SS-276","SAMPLEFRAME","TRUE","FUNCTIONAL DIVERSITY","TREE","R036XY113CO"
"SS-277","SAMPLEFRAME","FALSE","FUNCTIONAL DIVERSITY","TREE","R036XY325CO"
"SS-278","GG-NCA","FALSE","FUNCTIONAL DIVERSITY","TREE","R034BY106UT"
"SS-279","SAMPLEFRAME","FALSE","FUNCTIONAL DIVERSITY","TREE","R036XY325CO"
"SS-280","SAMPLEFRAME","FALSE","FUNCTIONAL DIVERSITY","TREE","R036XY325CO"
"SS-281","SAMPLEFRAME","TRUE","FUNCTIONAL DIVERSITY","TREE","R048AY247CO"
"SS-282","GG-NCA","FALSE","FUNCTIONAL DIVERSITY","TREE","R036XY141CO"
"SS-283","ACEC-WSA","TRUE","FUNCTIONAL DIVERSITY","TREE","R036XY326CO"
"SS-284","SAMPLEFRAME","FALSE","FUNCTIONAL DIVERSITY","TREE","R036XY328CO"
"SS-285","ACEC-WSA","TRUE","FUNCTIONAL DIVERSITY","TREE","R034XY403CO"
"SS-286","GG-NCA","TRUE","FUNCTIONAL DIVERSITY","TREE","R035XY136UT"
"SS-287","SAMPLEFRAME","TRUE","FUNCTIONAL DIVERSITY","TREE","R036XY142CO"
"SS-288","SAMPLEFRAME","TRUE","FUNCTIONAL DIVERSITY","TREE","R036XY326CO"
"SS-289","SAMPLEFRAME","TRUE","FUNCTIONAL DIVERSITY","TREE","R036XY113CO"
"SS-290","DE-NCA","TRUE","FUNCTIONAL DIVERSITY","TREE","R034XY406CO"
"SS-291","DE-NCA","TRUE","FUNCTIONAL DIVERSITY","TREE","R036XY141CO"
"SS-292","SAMPLEFRAME","FALSE","FUNCTIONAL DIVERSITY","TREE","R036XY326CO"
"SS-293","SAMPLEFRAME","FALSE","FUNCTIONAL DIVERSITY","TREE","R036XY141CO"
"SS-295","SAMPLEFRAME","FALSE","FUNCTIONAL DIVERSITY","TREE","R036XY114CO"
"SS-296","SAMPLEFRAME","TRUE","FUNCTIONAL DIVERSITY","TREE","SAW-Breaks"
"SS-297","GG-NCA","TRUE","FUNCTIONAL DIVERSITY","TREE","R034BY106UT"
"SS-298","ACEC-WSA","TRUE","FUNCTIONAL DIVERSITY","TREE","SAW-Finer_Uplands"
"SS-299","SAMPLEFRAME","FALSE","FUNCTIONAL DIVERSITY","TREE","R036XY325CO"
"SS-300","SAMPLEFRAME","TRUE","FUNCTIONAL DIVERSITY","TREE","R034XY327CO"
"SS-301","SAMPLEFRAME","FALSE","FUNCTIONAL DIVERSITY","TREE","SAW-Finer_Uplands"
"SS-302","SAMPLEFRAME","TRUE","FUNCTIONAL DIVERSITY","TREE","SAC-Finer_Uplands"
"SS-304","SAMPLEFRAME","FALSE","FUNCTIONAL DIVERSITY","TREE","SAW-Finer_Uplands"
"SS-305","SAMPLEFRAME","FALSE","FUNCTIONAL DIVERSITY","TREE","R036XY113CO"
"SS-306","SAMPLEFRAME","TRUE","FUNCTIONAL DIVERSITY","TREE","R034BY212UT"
"SS-307","SAMPLEFRAME","FALSE","FUNCTIONAL DIVERSITY","TREE","R036XY326CO"
"SS-308","SAMPLEFRAME","FALSE","FUNCTIONAL DIVERSITY","TREE","R036XY284CO"
"SS-310","SAMPLEFRAME","TRUE","FUNCTIONAL DIVERSITY","TREE","R034BY404CO"
"SS-311","SAMPLEFRAME","FALSE","FUNCTIONAL DIVERSITY","TREE","R036XY326CO"
"SS-312","SAMPLEFRAME","FALSE","FUNCTIONAL DIVERSITY","TREE","R036XY284CO"
"SS-313","SAMPLEFRAME","FALSE","FUNCTIONAL DIVERSITY","TREE","R036XY114CO"
"SS-314","SAMPLEFRAME","TRUE","FUNCTIONAL DIVERSITY","TREE","SAC-Bottoms"
"SS-315","SAMPLEFRAME","FALSE","FUNCTIONAL DIVERSITY","TREE","SAW-Clay_Uplands"
"SS-316","SAMPLEFRAME","FALSE","FUNCTIONAL DIVERSITY","TREE","R036XY284CO"
"SS-318","SAMPLEFRAME","FALSE","FUNCTIONAL DIVERSITY","TREE","R036XY289CO"
"SS-319","SAMPLEFRAME","TRUE","FUNCTIONAL DIVERSITY","TREE","R036XY326CO"
"SS-320","SAMPLEFRAME","FALSE","FUNCTIONAL DIVERSITY","TREE","R036XY284CO"
"SD-323","SAMPLEFRAME","TRUE","FUNCTIONAL DIVERSITY","TREE","R036XY325CO"
"SD-324","SAMPLEFRAME","TRUE","FUNCTIONAL DIVERSITY","TREE","R034BY117UT"
"SD-325","SAMPLEFRAME","TRUE","FUNCTIONAL DIVERSITY","TREE","R034BY404CO"
"SD-326","SAMPLEFRAME","TRUE","FUNCTIONAL DIVERSITY","TREE","R036XY325CO"
"SD-327","SAMPLEFRAME","TRUE","FUNCTIONAL DIVERSITY","TREE","R034BY117UT"
"SD-328","GG-NCA","TRUE","FUNCTIONAL DIVERSITY","TREE","R034BY109UT"
"SD-329","SAMPLEFRAME","TRUE","FUNCTIONAL DIVERSITY","TREE","R034XY410CO"
"SD-330","SAMPLEFRAME","TRUE","FUNCTIONAL DIVERSITY","TREE","R036XY114CO"
"SD-331","DE-NCA","FALSE","FUNCTIONAL DIVERSITY","TREE","R034BY106UT"
"SD-332","SAMPLEFRAME","TRUE","FUNCTIONAL DIVERSITY","TREE","R034BY104UT"
"SD-333","SAMPLEFRAME","TRUE","FUNCTIONAL DIVERSITY","TREE","SAW-Very_Shallow"
"SD-334","SAMPLEFRAME","TRUE","FUNCTIONAL DIVERSITY","TREE","R034BY404CO"
"SD-335","SAMPLEFRAME","TRUE","FUNCTIONAL DIVERSITY","TREE","R036XY113CO"
"SD-336","GG-NCA","TRUE","FUNCTIONAL DIVERSITY","TREE","R034XY403CO"
"SD-337","DE-NCA","TRUE","FUNCTIONAL DIVERSITY","TREE","R034BY404CO"
"SD-339","SAMPLEFRAME","TRUE","FUNCTIONAL DIVERSITY","TREE","R036XY113CO"
"SD-340","SAMPLEFRAME","TRUE","FUNCTIONAL DIVERSITY","TREE","R034BY006UT"
"SD-341","SAMPLEFRAME","TRUE","FUNCTIONAL DIVERSITY","TREE","R034XY402CO"
"SD-342","SAMPLEFRAME","TRUE","FUNCTIONAL DIVERSITY","TREE","R036XY326CO"
"SD-344","GG-NCA","TRUE","FUNCTIONAL DIVERSITY","TREE","R034BY104UT"
"SD-347","DE-NCA","TRUE","FUNCTIONAL DIVERSITY","TREE","R034BY106UT"
"SD-348","SAMPLEFRAME","TRUE","FUNCTIONAL DIVERSITY","TREE","R034BY109UT"
"SD-352","GG-NCA","TRUE","FUNCTIONAL DIVERSITY","TREE","R034BY109UT"
"SD-353","DE-NCA","TRUE","FUNCTIONAL DIVERSITY","TREE","R035XY408CO"
"SD-354","SAMPLEFRAME","TRUE","FUNCTIONAL DIVERSITY","TREE","R035XY408CO"
"SD-355","SAMPLEFRAME","TRUE","FUNCTIONAL DIVERSITY","TREE","R036XY325CO"
"SD-356","GG-NCA","TRUE","FUNCTIONAL DIVERSITY","TREE","R034BY006UT"
"SD-357","SAMPLEFRAME","TRUE","FUNCTIONAL DIVERSITY","TREE","R034BY404CO"
"SD-358","SAMPLEFRAME","FALSE","FUNCTIONAL DIVERSITY","TREE","R034XY401CO"
"SD-359","DE-NCA","FALSE","FUNCTIONAL DIVERSITY","TREE","R034BY112UT"
"SD-360","GG-NCA","TRUE","FUNCTIONAL DIVERSITY","TREE","R034XY410CO"
"SD-363","SAMPLEFRAME","TRUE","FUNCTIONAL DIVERSITY","TREE","R036XY113CO"
"SD-365","SAMPLEFRAME","TRUE","FUNCTIONAL DIVERSITY","TREE","R034BY404CO"
"SD-366","SAMPLEFRAME","TRUE","FUNCTIONAL DIVERSITY","TREE","R036XY326CO"
"SD-367","SAMPLEFRAME","FALSE","FUNCTIONAL DIVERSITY","TREE","R034BY109UT"
"SD-368","GG-NCA","TRUE","FUNCTIONAL DIVERSITY","TREE","R034BY106UT"
"SD-369","DE-NCA","TRUE","FUNCTIONAL DIVERSITY","TREE","R036XY445CO"
"SD-370","SAMPLEFRAME","FALSE","FUNCTIONAL DIVERSITY","TREE","R036XY141CO"
"SD-371","DE-NCA","TRUE","FUNCTIONAL DIVERSITY","TREE","R034BY233UT"
"SD-372","GG-NCA","TRUE","FUNCTIONAL DIVERSITY","TREE","R034BY328CO"
"SD-373","DE-NCA","TRUE","FUNCTIONAL DIVERSITY","TREE","R034XY401CO"
"SD-374","SAMPLEFRAME","TRUE","FUNCTIONAL DIVERSITY","TREE","R048AY245CO"
"SD-375","DE-NCA","TRUE","FUNCTIONAL DIVERSITY","TREE","R034XY401CO"
"SD-377","SAMPLEFRAME","TRUE","FUNCTIONAL DIVERSITY","TREE","R034XY262CO"
"SD-378","SAMPLEFRAME","TRUE","FUNCTIONAL DIVERSITY","TREE","R036XY325CO"
"SD-379","SAMPLEFRAME","TRUE","FUNCTIONAL DIVERSITY","TREE","R034BY106UT"
"SD-380","GG-NCA","TRUE","FUNCTIONAL DIVERSITY","TREE","R034XY262CO"
"SD-381","ACEC-WSA","TRUE","FUNCTIONAL DIVERSITY","TREE","R034BY404CO"
"SD-382","SAMPLEFRAME","FALSE","FUNCTIONAL DIVERSITY","TREE","R036XY287CO"
"SD-383","SAMPLEFRAME","TRUE","FUNCTIONAL DIVERSITY","TREE","R036XY289CO"
"SD-384","SAMPLEFRAME","TRUE","FUNCTIONAL DIVERSITY","TREE","R034BY106UT"
"SD-385","SAMPLEFRAME","TRUE","FUNCTIONAL DIVERSITY","TREE","R034BY404CO"
"SD-387","DE-NCA","TRUE","FUNCTIONAL DIVERSITY","TREE","R034XY406CO"
"SD-388","DE-NCA","FALSE","FUNCTIONAL DIVERSITY","TREE","R034BY106UT"
"SD-391","SAMPLEFRAME","FALSE","FUNCTIONAL DIVERSITY","TREE","R036XY113CO"
"SD-392","SAMPLEFRAME","TRUE","FUNCTIONAL DIVERSITY","TREE","R034BY117UT"
"SD-393","SAMPLEFRAME","FALSE","FUNCTIONAL DIVERSITY","TREE","R036XY114CO"
"SD-394","GG-NCA","TRUE","FUNCTIONAL DIVERSITY","TREE","SAW_Shallow_&_Rocky"
"SD-395","DE-NCA","FALSE","FUNCTIONAL DIVERSITY","TREE","AW-Breaks"
"SD-396","DE-NCA","FALSE","FUNCTIONAL DIVERSITY","TREE","AW-Deep_Rocky"
"SD-397","SAMPLEFRAME","TRUE","FUNCTIONAL DIVERSITY","TREE","AW-Deep_Rocky"
"SD-398","DE-NCA","TRUE","FUNCTIONAL DIVERSITY","TREE","AW-Deep_Rocky"
"SD-399","SAMPLEFRAME","TRUE","FUNCTIONAL DIVERSITY","TREE","R034XY298CO"
"SD-401","SAMPLEFRAME","TRUE","FUNCTIONAL DIVERSITY","TREE","R036XY113CO"
"SD-403","SAMPLEFRAME","FALSE","FUNCTIONAL DIVERSITY","TREE","R036XY284CO"
"SD-404","GG-NCA","TRUE","FUNCTIONAL DIVERSITY","TREE","R034BY117UT"
"SD-405","SAMPLEFRAME","TRUE","FUNCTIONAL DIVERSITY","TREE","AW-Saline_Hills"
"SD-407","SAMPLEFRAME","TRUE","FUNCTIONAL DIVERSITY","TREE","R034BY117UT"
"SD-408","DE-NCA","TRUE","FUNCTIONAL DIVERSITY","TREE","R034BY112UT"
"SD-409","SAMPLEFRAME","TRUE","FUNCTIONAL DIVERSITY","TREE","AW-Saline_Uplands"
"SD-410","GG-NCA","TRUE","FUNCTIONAL DIVERSITY","TREE","R034BY109UT"
"SD-412","SAMPLEFRAME","TRUE","FUNCTIONAL DIVERSITY","TREE","R034BY109UT"
"SD-413","SAMPLEFRAME","TRUE","FUNCTIONAL DIVERSITY","TREE","R036XY113CO"
"SD-414","SAMPLEFRAME","FALSE","FUNCTIONAL DIVERSITY","TREE","R034BY117UT"
"AS-002","SAMPLEFRAME","TRUE","FUNCTIONAL DIVERSITY","GRASS","SAC-Deep_Rocky"
"AS-004","SAMPLEFRAME","FALSE","FUNCTIONAL DIVERSITY","GRASS","R048AY247CO"
"AS-008","SAMPLEFRAME","FALSE","FUNCTIONAL DIVERSITY","GRASS","SAW_Shallow_&_Rocky"
"AS-012","SAMPLEFRAME","TRUE","FUNCTIONAL DIVERSITY","GRASS","AW-Bottoms"
"GR-021","SAMPLEFRAME","FALSE","FUNCTIONAL DIVERSITY","GRASS","R036XY114CO"
"GR-022","SAMPLEFRAME","FALSE","FUNCTIONAL DIVERSITY","GRASS","R036XY114CO"
"GR-023","SAMPLEFRAME","FALSE","FUNCTIONAL DIVERSITY","GRASS","R036XY287CO"
"GR-024","DE-NCA","FALSE","FUNCTIONAL DIVERSITY","GRASS","R036XY287CO"
"GR-025","SAMPLEFRAME","FALSE","FUNCTIONAL DIVERSITY","GRASS","R036XY114CO"
"GR-026","SAMPLEFRAME","FALSE","FUNCTIONAL DIVERSITY","GRASS","R036XY114CO"
"GR-027","SAMPLEFRAME","FALSE","FUNCTIONAL DIVERSITY","GRASS","SAW-Finer_Uplands"
"GR-028","DE-NCA","TRUE","FUNCTIONAL DIVERSITY","GRASS","R034BY106UT"
"MC-044","SAMPLEFRAME","TRUE","FUNCTIONAL DIVERSITY","GRASS","R048AY228CO"
"MC-048","SAMPLEFRAME","FALSE","FUNCTIONAL DIVERSITY","GRASS","F048AY918CO"
"MC-049","SAMPLEFRAME","TRUE","FUNCTIONAL DIVERSITY","GRASS","R048AY238CO"
"MC-052","SAMPLEFRAME","TRUE","FUNCTIONAL DIVERSITY","GRASS","F048AY449CO"
"MC-056","SAMPLEFRAME","FALSE","FUNCTIONAL DIVERSITY","GRASS","AW-Bottoms"
"MC-057","SAMPLEFRAME","FALSE","FUNCTIONAL DIVERSITY","GRASS","SAW_Shallow_&_Rocky"
"MC-066","SAMPLEFRAME","FALSE","FUNCTIONAL DIVERSITY","GRASS","F048AY918CO"
"MC-068","SAMPLEFRAME","FALSE","FUNCTIONAL DIVERSITY","GRASS","F048AY918CO"
"MC-070","SAMPLEFRAME","FALSE","FUNCTIONAL DIVERSITY","GRASS","F048AY918CO"
"MMS-071","DE-NCA","FALSE","FUNCTIONAL DIVERSITY","GRASS","R048AY238CO"
"MMS-072","SAMPLEFRAME","FALSE","FUNCTIONAL DIVERSITY","GRASS","SAW-Finer_Uplands"
"MMS-073","SAMPLEFRAME","TRUE","FUNCTIONAL DIVERSITY","GRASS","R036XY325CO"
"MMS-074","ACEC-WSA","TRUE","FUNCTIONAL DIVERSITY","GRASS","R048AY238CO"
"MMS-075","SAMPLEFRAME","FALSE","FUNCTIONAL DIVERSITY","GRASS","R036XY284CO"
"MMS-076","SAMPLEFRAME","FALSE","FUNCTIONAL DIVERSITY","GRASS","R036XY114CO"
"MMS-079","SAMPLEFRAME","TRUE","FUNCTIONAL DIVERSITY","GRASS","R036XY289CO"
"MMS-081","ACEC-WSA","TRUE","FUNCTIONAL DIVERSITY","GRASS","R048AY247CO"
"MMS-082","SAMPLEFRAME","FALSE","FUNCTIONAL DIVERSITY","GRASS","R034BY117UT"
"MMS-083","SAMPLEFRAME","FALSE","FUNCTIONAL DIVERSITY","GRASS","R036XY114CO"
"MMS-084","SAMPLEFRAME","FALSE","FUNCTIONAL DIVERSITY","GRASS","R034XY403CO"
"MMS-085","ACEC-WSA","TRUE","FUNCTIONAL DIVERSITY","GRASS","R048AY306UT"
"MMS-087","DE-NCA","FALSE","FUNCTIONAL DIVERSITY","GRASS","R036XY328CO"
"MMS-088","SAMPLEFRAME","FALSE","FUNCTIONAL DIVERSITY","GRASS","R036XY325CO"
"MMS-089","ACEC-WSA","FALSE","FUNCTIONAL DIVERSITY","GRASS","R048AY306UT"
"MMS-090","SAMPLEFRAME","FALSE","FUNCTIONAL DIVERSITY","GRASS","R034XY403CO"
"MMS-091","SAMPLEFRAME","FALSE","FUNCTIONAL DIVERSITY","GRASS","R048AY238CO"
"MMS-092","SAMPLEFRAME","FALSE","FUNCTIONAL DIVERSITY","GRASS","R036XY289CO"
"MMS-093","ACEC-WSA","FALSE","FUNCTIONAL DIVERSITY","GRASS","R036XY346CO"
"MMS-094","SAMPLEFRAME","FALSE","FUNCTIONAL DIVERSITY","GRASS","R036XY289CO"
"MMS-095","DE-NCA","FALSE","FUNCTIONAL DIVERSITY","GRASS","R036XY284CO"
"MMS-096","SAMPLEFRAME","FALSE","FUNCTIONAL DIVERSITY","GRASS","R036XY113CO"
"MMS-097","SAMPLEFRAME","FALSE","FUNCTIONAL DIVERSITY","GRASS","SAW-Very_Shallow"
"MMS-098","SAMPLEFRAME","FALSE","FUNCTIONAL DIVERSITY","GRASS","SAW_Shallow_&_Rocky"
"MMS-099","SAMPLEFRAME","FALSE","FUNCTIONAL DIVERSITY","GRASS","SAC-Finer_Uplands"
"MMS-100","SAMPLEFRAME","FALSE","FUNCTIONAL DIVERSITY","GRASS","R036XY284CO"
"MMS-101","ACEC-WSA","TRUE","FUNCTIONAL DIVERSITY","GRASS","R048AY306UT"
"MMS-102","SAMPLEFRAME","FALSE","FUNCTIONAL DIVERSITY","GRASS","R034BY006UT"
"OT-112","SAMPLEFRAME","FALSE","FUNCTIONAL DIVERSITY","GRASS","R034BY109UT"
"OT-113","SAMPLEFRAME","FALSE","FUNCTIONAL DIVERSITY","GRASS","R036XY141CO"
"OT-117","SAMPLEFRAME","FALSE","FUNCTIONAL DIVERSITY","GRASS","R036XY326CO"
"OT-126","SAMPLEFRAME","FALSE","FUNCTIONAL DIVERSITY","GRASS","Outcrops"
"PJ-131","SAMPLEFRAME","FALSE","FUNCTIONAL DIVERSITY","GRASS","R036XY289CO"
"PJ-132","SAMPLEFRAME","FALSE","FUNCTIONAL DIVERSITY","GRASS","R036XY284CO"
"PJ-133","SAMPLEFRAME","FALSE","FUNCTIONAL DIVERSITY","GRASS","R036XY284CO"
"PJ-136","SAMPLEFRAME","FALSE","FUNCTIONAL DIVERSITY","GRASS","R036XY114CO"
"PJ-137","SAMPLEFRAME","FALSE","FUNCTIONAL DIVERSITY","GRASS","R036XY284CO"
"PJ-138","DE-NCA","FALSE","FUNCTIONAL DIVERSITY","GRASS","R036XY113CO"
"PJ-140","SAMPLEFRAME","FALSE","FUNCTIONAL DIVERSITY","GRASS","R036XY326CO"
"PJ-141","SAMPLEFRAME","FALSE","FUNCTIONAL DIVERSITY","GRASS","R036XY114CO"
"PJ-143","SAMPLEFRAME","FALSE","FUNCTIONAL DIVERSITY","GRASS","R036XY113CO"
"PJ-146","SAMPLEFRAME","FALSE","FUNCTIONAL DIVERSITY","GRASS","R048AY238CO"
"PJ-147","GG-NCA","FALSE","FUNCTIONAL DIVERSITY","GRASS","R036XY287CO"
"PJ-149","SAMPLEFRAME","FALSE","FUNCTIONAL DIVERSITY","GRASS","R036XY284CO"
"PJ-150","DE-NCA","FALSE","FUNCTIONAL DIVERSITY","GRASS","R036XY141CO"
"PJ-151","SAMPLEFRAME","FALSE","FUNCTIONAL DIVERSITY","GRASS","R036XY325CO"
"PJ-152","SAMPLEFRAME","FALSE","FUNCTIONAL DIVERSITY","GRASS","R036XY445CO"
"PJ-153","SAMPLEFRAME","FALSE","FUNCTIONAL DIVERSITY","GRASS","R036XY113CO"
"PJ-154","SAMPLEFRAME","FALSE","FUNCTIONAL DIVERSITY","GRASS","R036XY114CO"
"PJ-155","SAMPLEFRAME","FALSE","FUNCTIONAL DIVERSITY","GRASS","R036XY114CO"
"PJ-156","ACEC-WSA","FALSE","FUNCTIONAL DIVERSITY","GRASS","SAW-Breaks"
"PJ-157","SAMPLEFRAME","FALSE","FUNCTIONAL DIVERSITY","GRASS","SAW_Shallow_&_Rocky"
"PJ-158","DE-NCA","FALSE","FUNCTIONAL DIVERSITY","GRASS","R036XY113CO"
"PJ-159","SAMPLEFRAME","FALSE","FUNCTIONAL DIVERSITY","GRASS","R036XY114CO"
"PJ-160","SAMPLEFRAME","FALSE","FUNCTIONAL DIVERSITY","GRASS","R036XY114CO"
"PJ-161","SAMPLEFRAME","FALSE","FUNCTIONAL DIVERSITY","GRASS","R036XY114CO"
"PJ-164","SAMPLEFRAME","FALSE","FUNCTIONAL DIVERSITY","GRASS","SAW-Very_Shallow"
"PJ-165","SAMPLEFRAME","FALSE","FUNCTIONAL DIVERSITY","GRASS","R036XY445CO"
"PJ-166","DE-NCA","FALSE","FUNCTIONAL DIVERSITY","GRASS","R036XY113CO"
"PJ-167","SAMPLEFRAME","FALSE","FUNCTIONAL DIVERSITY","GRASS","R036XY113CO"
"PJ-168","ACEC-WSA","FALSE","FUNCTIONAL DIVERSITY","GRASS","SAW-Very_Shallow"
"PP-171","SAMPLEFRAME","TRUE","FUNCTIONAL DIVERSITY","GRASS","R048AY228CO"
"PP-172","DE-NCA","FALSE","FUNCTIONAL DIVERSITY","GRASS","R035XY408CO"
"PP-173","SAMPLEFRAME","FALSE","FUNCTIONAL DIVERSITY","GRASS","R036XY114CO"
"PP-175","SAMPLEFRAME","FALSE","FUNCTIONAL DIVERSITY","GRASS","R036XY284CO"
"PP-176","SAMPLEFRAME","FALSE","FUNCTIONAL DIVERSITY","GRASS","SAW-Finer_Uplands"
"PP-177","SAMPLEFRAME","FALSE","FUNCTIONAL DIVERSITY","GRASS","R036XY287CO"
"PP-179","SAMPLEFRAME","FALSE","FUNCTIONAL DIVERSITY","GRASS","R036XY289CO"
"PP-180","SAMPLEFRAME","FALSE","FUNCTIONAL DIVERSITY","GRASS","R048AY255CO"
"RI-194","SAMPLEFRAME","FALSE","FUNCTIONAL DIVERSITY","GRASS","R036XY113CO"
"RI-195","SAMPLEFRAME","FALSE","FUNCTIONAL DIVERSITY","GRASS","SAW-Finer_Uplands"
"RI-196","SAMPLEFRAME","FALSE","FUNCTIONAL DIVERSITY","GRASS","R036XY113CO"
"RI-198","SAMPLEFRAME","FALSE","FUNCTIONAL DIVERSITY","GRASS","R036XY113CO"
"RI-199","SAMPLEFRAME","TRUE","FUNCTIONAL DIVERSITY","GRASS","R034XY401CO"
"RI-200","SAMPLEFRAME","FALSE","FUNCTIONAL DIVERSITY","GRASS","R036XY142CO"
"RI-202","SAMPLEFRAME","FALSE","FUNCTIONAL DIVERSITY","GRASS","R034BY006UT"
"RI-203","SAMPLEFRAME","FALSE","FUNCTIONAL DIVERSITY","GRASS","R036XY114CO"
"RI-204","DE-NCA","FALSE","FUNCTIONAL DIVERSITY","GRASS","R036XY325CO"
"RI-206","SAMPLEFRAME","FALSE","FUNCTIONAL DIVERSITY","GRASS","SAC-Finer_Uplands"
"RI-208","SAMPLEFRAME","FALSE","FUNCTIONAL DIVERSITY","GRASS","SAW_Sandy_&_Loamy"
"RI-209","SAMPLEFRAME","FALSE","FUNCTIONAL DIVERSITY","GRASS","SAW-Bottoms_&_Bottoms"
"RI-210","SAMPLEFRAME","FALSE","FUNCTIONAL DIVERSITY","GRASS","SAW-Saline_Bottoms"
"RI-212","SAMPLEFRAME","FALSE","FUNCTIONAL DIVERSITY","GRASS","SAW-Finer_Uplands"
"SS-221","SAMPLEFRAME","TRUE","FUNCTIONAL DIVERSITY","GRASS","R036XY114CO"
"SS-222","SAMPLEFRAME","TRUE","FUNCTIONAL DIVERSITY","GRASS","R048AY247CO"
"SS-223","DE-NCA","TRUE","FUNCTIONAL DIVERSITY","GRASS","R036XY113CO"
"SS-224","SAMPLEFRAME","FALSE","FUNCTIONAL DIVERSITY","GRASS","R036XY284CO"
"SS-225","SAMPLEFRAME","FALSE","FUNCTIONAL DIVERSITY","GRASS","R036XY113CO"
"SS-227","DE-NCA","FALSE","FUNCTIONAL DIVERSITY","GRASS","R036XY113CO"
"SS-228","SAMPLEFRAME","FALSE","FUNCTIONAL DIVERSITY","GRASS","R036XY326CO"
"SS-229","SAMPLEFRAME","FALSE","FUNCTIONAL DIVERSITY","GRASS","R036XY326CO"
"SS-230","SAMPLEFRAME","TRUE","FUNCTIONAL DIVERSITY","GRASS","R036XY326CO"
"SS-231","SAMPLEFRAME","FALSE","FUNCTIONAL DIVERSITY","GRASS","R036XY326CO"
"SS-232","SAMPLEFRAME","FALSE","FUNCTIONAL DIVERSITY","GRASS","R036XY326CO"
"SS-233","SAMPLEFRAME","TRUE","FUNCTIONAL DIVERSITY","GRASS","R048AY238CO"
"SS-234","GG-NCA","FALSE","FUNCTIONAL DIVERSITY","GRASS","R034BY006UT"
"SS-237","SAMPLEFRAME","FALSE","FUNCTIONAL DIVERSITY","GRASS","R036XY113CO"
"SS-238","SAMPLEFRAME","TRUE","FUNCTIONAL DIVERSITY","GRASS","R048AY247CO"
"SS-239","DE-NCA","TRUE","FUNCTIONAL DIVERSITY","GRASS","R036XY325CO"
"SS-240","SAMPLEFRAME","FALSE","FUNCTIONAL DIVERSITY","GRASS","R036XY315UT"
"SS-241","SAMPLEFRAME","FALSE","FUNCTIONAL DIVERSITY","GRASS","R036XY113CO"
"SS-242","SAMPLEFRAME","FALSE","FUNCTIONAL DIVERSITY","GRASS","R034XY403CO"
"SS-243","DE-NCA","FALSE","FUNCTIONAL DIVERSITY","GRASS","R036XY113CO"
"SS-244","SAMPLEFRAME","FALSE","FUNCTIONAL DIVERSITY","GRASS","R036XY113CO"
"SS-245","SAMPLEFRAME","TRUE","FUNCTIONAL DIVERSITY","GRASS","R036XY114CO"
"SS-246","SAMPLEFRAME","TRUE","FUNCTIONAL DIVERSITY","GRASS","R034BY404CO"
"SS-247","SAMPLEFRAME","TRUE","FUNCTIONAL DIVERSITY","GRASS","R036XY326CO"
"SS-248","SAMPLEFRAME","FALSE","FUNCTIONAL DIVERSITY","GRASS","R036XY114CO"
"SS-250","GG-NCA","TRUE","FUNCTIONAL DIVERSITY","GRASS","SAW-Very_Shallow"
"SS-251","SAMPLEFRAME","TRUE","FUNCTIONAL DIVERSITY","GRASS","R036XY325CO"
"SS-252","SAMPLEFRAME","FALSE","FUNCTIONAL DIVERSITY","GRASS","R036XY445CO"
"SS-253","SAMPLEFRAME","FALSE","FUNCTIONAL DIVERSITY","GRASS","SAW-Finer_Uplands"
"SS-254","SAMPLEFRAME","TRUE","FUNCTIONAL DIVERSITY","GRASS","SAW_Shallow_&_Rocky"
"SS-255","DE-NCA","FALSE","FUNCTIONAL DIVERSITY","GRASS","R036XY114CO"
"SS-256","SAMPLEFRAME","FALSE","FUNCTIONAL DIVERSITY","GRASS","R036XY114CO"
"SS-257","SAMPLEFRAME","FALSE","FUNCTIONAL DIVERSITY","GRASS","R036XY113CO"
"SS-258","SAMPLEFRAME","FALSE","FUNCTIONAL DIVERSITY","GRASS","R036XY113CO"
"SS-259","DE-NCA","FALSE","FUNCTIONAL DIVERSITY","GRASS","R036XY315UT"
"SS-260","SAMPLEFRAME","FALSE","FUNCTIONAL DIVERSITY","GRASS","R036XY287CO"
"SS-261","SAMPLEFRAME","FALSE","FUNCTIONAL DIVERSITY","GRASS","R036XY114CO"
"SS-262","SAMPLEFRAME","TRUE","FUNCTIONAL DIVERSITY","GRASS","R034BY404CO"
"SS-264","SAMPLEFRAME","FALSE","FUNCTIONAL DIVERSITY","GRASS","R036XY114CO"
"SS-265","SAMPLEFRAME","FALSE","FUNCTIONAL DIVERSITY","GRASS","R036XY325CO"
"SS-267","SAMPLEFRAME","FALSE","FUNCTIONAL DIVERSITY","GRASS","R036XY284CO"
"SS-268","SAMPLEFRAME","FALSE","FUNCTIONAL DIVERSITY","GRASS","R036XY284CO"
"SS-269","SAMPLEFRAME","FALSE","FUNCTIONAL DIVERSITY","GRASS","R036XY325CO"
"SS-270","SAMPLEFRAME","FALSE","FUNCTIONAL DIVERSITY","GRASS","R036XY289CO"
"SS-271","DE-NCA","TRUE","FUNCTIONAL DIVERSITY","GRASS","R034XY401CO"
"SS-273","SAMPLEFRAME","FALSE","FUNCTIONAL DIVERSITY","GRASS","R036XY113CO"
"SS-275","SAMPLEFRAME","FALSE","FUNCTIONAL DIVERSITY","GRASS","R036XY114CO"
"SS-276","SAMPLEFRAME","TRUE","FUNCTIONAL DIVERSITY","GRASS","R036XY113CO"
"SS-277","SAMPLEFRAME","FALSE","FUNCTIONAL DIVERSITY","GRASS","R036XY325CO"
"SS-278","GG-NCA","FALSE","FUNCTIONAL DIVERSITY","GRASS","R034BY106UT"
"SS-279","SAMPLEFRAME","FALSE","FUNCTIONAL DIVERSITY","GRASS","R036XY325CO"
"SS-280","SAMPLEFRAME","FALSE","FUNCTIONAL DIVERSITY","GRASS","R036XY325CO"
"SS-281","SAMPLEFRAME","FALSE","FUNCTIONAL DIVERSITY","GRASS","R048AY247CO"
"SS-282","GG-NCA","FALSE","FUNCTIONAL DIVERSITY","GRASS","R036XY141CO"
"SS-283","ACEC-WSA","FALSE","FUNCTIONAL DIVERSITY","GRASS","R036XY326CO"
"SS-284","SAMPLEFRAME","FALSE","FUNCTIONAL DIVERSITY","GRASS","R036XY328CO"
"SS-285","ACEC-WSA","FALSE","FUNCTIONAL DIVERSITY","GRASS","R034XY403CO"
"SS-286","GG-NCA","TRUE","FUNCTIONAL DIVERSITY","GRASS","R035XY136UT"
"SS-287","SAMPLEFRAME","TRUE","FUNCTIONAL DIVERSITY","GRASS","R036XY142CO"
"SS-288","SAMPLEFRAME","FALSE","FUNCTIONAL DIVERSITY","GRASS","R036XY326CO"
"SS-289","SAMPLEFRAME","FALSE","FUNCTIONAL DIVERSITY","GRASS","R036XY113CO"
"SS-290","DE-NCA","FALSE","FUNCTIONAL DIVERSITY","GRASS","R034XY406CO"
"SS-291","DE-NCA","FALSE","FUNCTIONAL DIVERSITY","GRASS","R036XY141CO"
"SS-292","SAMPLEFRAME","FALSE","FUNCTIONAL DIVERSITY","GRASS","R036XY326CO"
"SS-293","SAMPLEFRAME","FALSE","FUNCTIONAL DIVERSITY","GRASS","R036XY141CO"
"SS-295","SAMPLEFRAME","TRUE","FUNCTIONAL DIVERSITY","GRASS","R036XY114CO"
"SS-296","SAMPLEFRAME","FALSE","FUNCTIONAL DIVERSITY","GRASS","SAW-Breaks"
"SS-297","GG-NCA","FALSE","FUNCTIONAL DIVERSITY","GRASS","R034BY106UT"
"SS-298","ACEC-WSA","FALSE","FUNCTIONAL DIVERSITY","GRASS","SAW-Finer_Uplands"
"SS-299","SAMPLEFRAME","TRUE","FUNCTIONAL DIVERSITY","GRASS","R036XY325CO"
"SS-300","SAMPLEFRAME","FALSE","FUNCTIONAL DIVERSITY","GRASS","R034XY327CO"
"SS-301","SAMPLEFRAME","FALSE","FUNCTIONAL DIVERSITY","GRASS","SAW-Finer_Uplands"
"SS-302","SAMPLEFRAME","TRUE","FUNCTIONAL DIVERSITY","GRASS","SAC-Finer_Uplands"
"SS-304","SAMPLEFRAME","FALSE","FUNCTIONAL DIVERSITY","GRASS","SAW-Finer_Uplands"
"SS-305","SAMPLEFRAME","FALSE","FUNCTIONAL DIVERSITY","GRASS","R036XY113CO"
"SS-306","SAMPLEFRAME","FALSE","FUNCTIONAL DIVERSITY","GRASS","R034BY212UT"
"SS-307","SAMPLEFRAME","FALSE","FUNCTIONAL DIVERSITY","GRASS","R036XY326CO"
"SS-308","SAMPLEFRAME","FALSE","FUNCTIONAL DIVERSITY","GRASS","R036XY284CO"
"SS-310","SAMPLEFRAME","TRUE","FUNCTIONAL DIVERSITY","GRASS","R034BY404CO"
"SS-311","SAMPLEFRAME","FALSE","FUNCTIONAL DIVERSITY","GRASS","R036XY326CO"
"SS-312","SAMPLEFRAME","FALSE","FUNCTIONAL DIVERSITY","GRASS","R036XY284CO"
"SS-313","SAMPLEFRAME","FALSE","FUNCTIONAL DIVERSITY","GRASS","R036XY114CO"
"SS-314","SAMPLEFRAME","FALSE","FUNCTIONAL DIVERSITY","GRASS","SAC-Bottoms"
"SS-315","SAMPLEFRAME","FALSE","FUNCTIONAL DIVERSITY","GRASS","SAW-Clay_Uplands"
"SS-316","SAMPLEFRAME","FALSE","FUNCTIONAL DIVERSITY","GRASS","R036XY284CO"
"SS-318","SAMPLEFRAME","FALSE","FUNCTIONAL DIVERSITY","GRASS","R036XY289CO"
"SS-319","SAMPLEFRAME","FALSE","FUNCTIONAL DIVERSITY","GRASS","R036XY326CO"
"SS-320","SAMPLEFRAME","FALSE","FUNCTIONAL DIVERSITY","GRASS","R036XY284CO"
"SD-323","SAMPLEFRAME","TRUE","FUNCTIONAL DIVERSITY","GRASS","R036XY325CO"
"SD-324","SAMPLEFRAME","TRUE","FUNCTIONAL DIVERSITY","GRASS","R034BY117UT"
"SD-325","SAMPLEFRAME","TRUE","FUNCTIONAL DIVERSITY","GRASS","R034BY404CO"
"SD-326","SAMPLEFRAME","TRUE","FUNCTIONAL DIVERSITY","GRASS","R036XY325CO"
"SD-327","SAMPLEFRAME","TRUE","FUNCTIONAL DIVERSITY","GRASS","R034BY117UT"
"SD-328","GG-NCA","TRUE","FUNCTIONAL DIVERSITY","GRASS","R034BY109UT"
"SD-329","SAMPLEFRAME","FALSE","FUNCTIONAL DIVERSITY","GRASS","R034XY410CO"
"SD-330","SAMPLEFRAME","FALSE","FUNCTIONAL DIVERSITY","GRASS","R036XY114CO"
"SD-331","DE-NCA","TRUE","FUNCTIONAL DIVERSITY","GRASS","R034BY106UT"
"SD-332","SAMPLEFRAME","TRUE","FUNCTIONAL DIVERSITY","GRASS","R034BY104UT"
"SD-333","SAMPLEFRAME","FALSE","FUNCTIONAL DIVERSITY","GRASS","SAW-Very_Shallow"
"SD-334","SAMPLEFRAME","FALSE","FUNCTIONAL DIVERSITY","GRASS","R034BY404CO"
"SD-335","SAMPLEFRAME","FALSE","FUNCTIONAL DIVERSITY","GRASS","R036XY113CO"
"SD-336","GG-NCA","FALSE","FUNCTIONAL DIVERSITY","GRASS","R034XY403CO"
"SD-337","DE-NCA","TRUE","FUNCTIONAL DIVERSITY","GRASS","R034BY404CO"
"SD-339","SAMPLEFRAME","TRUE","FUNCTIONAL DIVERSITY","GRASS","R036XY113CO"
"SD-340","SAMPLEFRAME","FALSE","FUNCTIONAL DIVERSITY","GRASS","R034BY006UT"
"SD-341","SAMPLEFRAME","TRUE","FUNCTIONAL DIVERSITY","GRASS","R034XY402CO"
"SD-342","SAMPLEFRAME","TRUE","FUNCTIONAL DIVERSITY","GRASS","R036XY326CO"
"SD-344","GG-NCA","FALSE","FUNCTIONAL DIVERSITY","GRASS","R034BY104UT"
"SD-347","DE-NCA","TRUE","FUNCTIONAL DIVERSITY","GRASS","R034BY106UT"
"SD-348","SAMPLEFRAME","FALSE","FUNCTIONAL DIVERSITY","GRASS","R034BY109UT"
"SD-352","GG-NCA","TRUE","FUNCTIONAL DIVERSITY","GRASS","R034BY109UT"
"SD-353","DE-NCA","TRUE","FUNCTIONAL DIVERSITY","GRASS","R035XY408CO"
"SD-354","SAMPLEFRAME","FALSE","FUNCTIONAL DIVERSITY","GRASS","R035XY408CO"
"SD-355","SAMPLEFRAME","TRUE","FUNCTIONAL DIVERSITY","GRASS","R036XY325CO"
"SD-356","GG-NCA","FALSE","FUNCTIONAL DIVERSITY","GRASS","R034BY006UT"
"SD-357","SAMPLEFRAME","TRUE","FUNCTIONAL DIVERSITY","GRASS","R034BY404CO"
"SD-358","SAMPLEFRAME","FALSE","FUNCTIONAL DIVERSITY","GRASS","R034XY401CO"
"SD-359","DE-NCA","FALSE","FUNCTIONAL DIVERSITY","GRASS","R034BY112UT"
"SD-360","GG-NCA","FALSE","FUNCTIONAL DIVERSITY","GRASS","R034XY410CO"
"SD-363","SAMPLEFRAME","FALSE","FUNCTIONAL DIVERSITY","GRASS","R036XY113CO"
"SD-365","SAMPLEFRAME","TRUE","FUNCTIONAL DIVERSITY","GRASS","R034BY404CO"
"SD-366","SAMPLEFRAME","FALSE","FUNCTIONAL DIVERSITY","GRASS","R036XY326CO"
"SD-367","SAMPLEFRAME","FALSE","FUNCTIONAL DIVERSITY","GRASS","R034BY109UT"
"SD-368","GG-NCA","TRUE","FUNCTIONAL DIVERSITY","GRASS","R034BY106UT"
"SD-369","DE-NCA","FALSE","FUNCTIONAL DIVERSITY","GRASS","R036XY445CO"
"SD-370","SAMPLEFRAME","FALSE","FUNCTIONAL DIVERSITY","GRASS","R036XY141CO"
"SD-371","DE-NCA","FALSE","FUNCTIONAL DIVERSITY","GRASS","R034BY233UT"
"SD-372","GG-NCA","FALSE","FUNCTIONAL DIVERSITY","GRASS","R034BY328CO"
"SD-373","DE-NCA","FALSE","FUNCTIONAL DIVERSITY","GRASS","R034XY401CO"
"SD-374","SAMPLEFRAME","TRUE","FUNCTIONAL DIVERSITY","GRASS","R048AY245CO"
"SD-375","DE-NCA","TRUE","FUNCTIONAL DIVERSITY","GRASS","R034XY401CO"
"SD-377","SAMPLEFRAME","FALSE","FUNCTIONAL DIVERSITY","GRASS","R034XY262CO"
"SD-378","SAMPLEFRAME","FALSE","FUNCTIONAL DIVERSITY","GRASS","R036XY325CO"
"SD-379","SAMPLEFRAME","TRUE","FUNCTIONAL DIVERSITY","GRASS","R034BY106UT"
"SD-380","GG-NCA","FALSE","FUNCTIONAL DIVERSITY","GRASS","R034XY262CO"
"SD-381","ACEC-WSA","FALSE","FUNCTIONAL DIVERSITY","GRASS","R034BY404CO"
"SD-382","SAMPLEFRAME","FALSE","FUNCTIONAL DIVERSITY","GRASS","R036XY287CO"
"SD-383","SAMPLEFRAME","FALSE","FUNCTIONAL DIVERSITY","GRASS","R036XY289CO"
"SD-384","SAMPLEFRAME","FALSE","FUNCTIONAL DIVERSITY","GRASS","R034BY106UT"
"SD-385","SAMPLEFRAME","TRUE","FUNCTIONAL DIVERSITY","GRASS","R034BY404CO"
"SD-387","DE-NCA","TRUE","FUNCTIONAL DIVERSITY","GRASS","R034XY406CO"
"SD-388","DE-NCA","TRUE","FUNCTIONAL DIVERSITY","GRASS","R034BY106UT"
"SD-391","SAMPLEFRAME","FALSE","FUNCTIONAL DIVERSITY","GRASS","R036XY113CO"
"SD-392","SAMPLEFRAME","FALSE","FUNCTIONAL DIVERSITY","GRASS","R034BY117UT"
"SD-393","SAMPLEFRAME","FALSE","FUNCTIONAL DIVERSITY","GRASS","R036XY114CO"
"SD-394","GG-NCA","FALSE","FUNCTIONAL DIVERSITY","GRASS","SAW_Shallow_&_Rocky"
"SD-395","DE-NCA","TRUE","FUNCTIONAL DIVERSITY","GRASS","AW-Breaks"
"SD-396","DE-NCA","TRUE","FUNCTIONAL DIVERSITY","GRASS","AW-Deep_Rocky"
"SD-397","SAMPLEFRAME","TRUE","FUNCTIONAL DIVERSITY","GRASS","AW-Deep_Rocky"
"SD-398","DE-NCA","TRUE","FUNCTIONAL DIVERSITY","GRASS","AW-Deep_Rocky"
"SD-399","SAMPLEFRAME","FALSE","FUNCTIONAL DIVERSITY","GRASS","R034XY298CO"
"SD-401","SAMPLEFRAME","FALSE","FUNCTIONAL DIVERSITY","GRASS","R036XY113CO"
"SD-403","SAMPLEFRAME","FALSE","FUNCTIONAL DIVERSITY","GRASS","R036XY284CO"
"SD-404","GG-NCA","TRUE","FUNCTIONAL DIVERSITY","GRASS","R034BY117UT"
"SD-405","SAMPLEFRAME","FALSE","FUNCTIONAL DIVERSITY","GRASS","AW-Saline_Hills"
"SD-407","SAMPLEFRAME","FALSE","FUNCTIONAL DIVERSITY","GRASS","R034BY117UT"
"SD-408","DE-NCA","FALSE","FUNCTIONAL DIVERSITY","GRASS","R034BY112UT"
"SD-409","SAMPLEFRAME","FALSE","FUNCTIONAL DIVERSITY","GRASS","AW-Saline_Uplands"
"SD-410","GG-NCA","FALSE","FUNCTIONAL DIVERSITY","GRASS","R034BY109UT"
"SD-412","SAMPLEFRAME","FALSE","FUNCTIONAL DIVERSITY","GRASS","R034BY109UT"
"SD-413","SAMPLEFRAME","FALSE","FUNCTIONAL DIVERSITY","GRASS","R036XY113CO"
"SD-414","SAMPLEFRAME","TRUE","FUNCTIONAL DIVERSITY","GRASS","R034BY117UT"
